鄉鎮市區,交易標的,土地位置建物門牌,土地移轉總面積平方公尺,都市土地使用分區,非都市土地使用分區,非都市土地使用編定,交易年月日,交易筆棟數,移轉層次,總樓層數,建物型態,主要用途,主要建材,建築完成年月,建物移轉總面積平方公尺,建物現況格局-房,建物現況格局-廳,建物現況格局-衛,建物現況格局-隔間,有無管理組織,總價元,單價元平方公尺,車位類別,車位移轉總面積平方公尺,車位總價元,備註,編號
The villages and towns urban district,transaction sign,land sector position building sector house number plate,land shifting total area square meter,the use zoning or compiles and checks,the non-metropolis land use district,non-metropolis land use,transaction year month and day,transaction pen number,shifting level,total floor number,building state,main use,main building materials,construction to complete the years,building shifting total area,Building present situation pattern - room,building present situation pattern - hall,building present situation pattern - health,building present situation pattern - compartmented,Whether there is manages the organization,total price NTD,the unit price (NTD / square meter),the berth category,berth shifting total area square meter,the berth total price NTD,the note,serial number
永康區,房地(土地+建物)+車位,臺南市永康區橋北段0039地號2R戶6樓,24.11,住,,,1090810,土地1建物1車位1,六層,14,住宅大樓(11層含以上有電梯),住家用,鋼筋混凝土造,,151.11,3,2,2,有,無,10770000,81886,坡道平面,33.63,1150000,,RPQOMLLKLHGGFKD97CB
永康區,房地(土地+建物)+車位,臺南市永康區橋北段0039地號2R戶7樓,24.11,住,,,1090805,土地1建物1車位1,七層,14,住宅大樓(11層含以上有電梯),住家用,鋼筋混凝土造,,151.11,3,2,2,有,無,10560000,80950,坡道平面,33.63,1050000,,RPROMLLKLHGGFKD08CB
永康區,房地(土地+建物)+車位,臺南市永康區橋北段0039地號2R戶8樓,24.11,住,,,1090909,土地1建物1車位1,八層,14,住宅大樓(11層含以上有電梯),住家用,鋼筋混凝土造,,151.11,3,2,2,有,無,10980000,83674,坡道平面,33.63,1150000,,RPSOMLLKLHGGFKD18CB
永康區,房地(土地+建物)+車位,臺南市永康區橋北段0039地號2R戶9樓,24.11,住,,,1090921,土地1建物1車位1,九層,14,住宅大樓(11層含以上有電梯),住家用,鋼筋混凝土造,,151.11,3,2,2,有,無,11120000,84014,坡道平面,33.63,1250000,,RPTOMLLKLHGGFKD28CB
永康區,房地(土地+建物)+車位,臺南市永康區橋北段0039地號2R戶10樓,23.93,住,,,1090911,土地1建物1車位1,十層,14,住宅大樓(11層含以上有電梯),住家用,鋼筋混凝土造,,150.04,3,2,2,有,無,10800000,82142,坡道平面,32.56,1150000,,RPWOMLLKLHGGFKD58CB
永康區,房地(土地+建物)+車位,臺南市永康區橋北段0039地號2R戶11樓,24.11,住,,,1090813,土地1建物1車位1,十一層,14,住宅大樓(11層含以上有電梯),住家用,鋼筋混凝土造,,151.11,3,2,2,有,無,10850000,82142,坡道平面,33.63,1200000,,RPXOMLLKLHGGFKD68CB
永康區,房地(土地+建物)+車位,臺南市永康區橋北段0039地號2R戶12樓,24.11,住,,,1090824,土地1建物1車位1,十二層,14,住宅大樓(11層含以上有電梯),住家用,鋼筋混凝土造,,151.11,3,2,2,有,無,10910000,83078,坡道平面,33.63,1150000,,RPOPMLLKLHGGFKD87CB
永康區,房地(土地+建物)+車位,臺南市永康區橋北段0039地號2R戶13樓,24.11,住,,,1090901,土地1建物1車位1,十三層,14,住宅大樓(11層含以上有電梯),住家用,鋼筋混凝土造,,151.11,3,2,2,有,無,10950000,83418,坡道平面,33.63,1150000,,RPPPMLLKLHGGFKD97CB
永康區,房地(土地+建物)+車位,臺南市永康區橋北段0039地號2R戶14樓,24.11,住,,,1090904,土地1建物1車位1,十四層,14,住宅大樓(11層含以上有電梯),住家用,鋼筋混凝土造,,151.11,3,2,2,有,無,10950000,82142,坡道平面,33.63,1300000,,RPQPMLLKLHGGFKD08CB
永康區,房地(土地+建物)+車位,臺南市永康區橋北段0039地號2S戶2樓,17.76,住,,,1090709,土地1建物1車位1,二層,14,住宅大樓(11層含以上有電梯),住家用,鋼筋混凝土造,,120.34,2,2,1,有,無,6520000,62507,坡道平面,33.63,1100000,,RPRPMLLKLHGGFKD18CB
永康區,房地(土地+建物)+車位,臺南市永康區橋北段0039地號2S戶3樓,17.76,住,,,1090703,土地1建物1車位1,三層,14,住宅大樓(11層含以上有電梯),住家用,鋼筋混凝土造,,120.34,2,2,1,有,無,6680000,66082,坡道平面,33.63,950000,,RPSPMLLKLHGGFKD28CB
永康區,房地(土地+建物)+車位,臺南市永康區橋北段0039地號2S戶4樓,17.76,住,,,1090717,土地1建物1車位1,四層,14,住宅大樓(11層含以上有電梯),住家用,鋼筋混凝土造,,120.34,2,2,1,有,無,6770000,65967,坡道平面,33.63,1050000,,RPUPMLLKLHGGFKD48CB
永康區,房地(土地+建物)+車位,臺南市永康區橋北段0039地號2S戶5樓,17.76,住,,,1090708,土地1建物1車位1,五層,14,住宅大樓(11層含以上有電梯),住家用,鋼筋混凝土造,,120.34,2,2,1,有,無,7010000,68735,坡道平面,33.63,1050000,,RPVPMLLKLHGGFKD58CB
永康區,房地(土地+建物)+車位,臺南市永康區橋北段0039地號2S戶6樓,17.58,住,,,1090707,土地1建物1車位1,六層,14,住宅大樓(11層含以上有電梯),住家用,鋼筋混凝土造,,119.27,2,2,1,有,無,7130000,70695,坡道平面,32.56,1000000,,RPWPMLLKLHGGFKD68CB
永康區,房地(土地+建物)+車位,臺南市永康區橋北段0039地號2S戶7樓,17.76,住,,,1090706,土地1建物1車位1,七層,14,住宅大樓(11層含以上有電梯),住家用,鋼筋混凝土造,,120.34,2,2,1,有,無,7260000,71041,坡道平面,33.63,1100000,,RPPQMLLKLHGGFKD08CB
安南區,房地(土地+建物)+車位,臺南市安南區培安路305巷旁 A2-02,17.32,住,,,1090711,土地1建物1車位1,二層,15,住宅大樓(11層含以上有電梯),住家用,鋼筋混凝土造,,132.85,3,2,2,有,無,6010000,46840,坡道平面,30.16,1200000,,RPSNMLLKLHGGFBD17CB
安南區,房地(土地+建物)+車位,臺南市安南區培安路305巷旁 A2-13,17.32,住,,,1080521,土地1建物1車位1,十三層,15,住宅大樓(11層含以上有電梯),住家用,鋼筋混凝土造,,132.85,3,2,2,有,無,5650000,43334,坡道平面,30.16,1200000,,RPTNMLLKLHGGFBD27CB
安南區,房地(土地+建物)+車位,臺南市安南區培安路305巷旁 A2-03,17.32,住,,,1080625,土地1建物1車位1,三層,15,住宅大樓(11層含以上有電梯),住家用,鋼筋混凝土造,,132.85,3,2,2,有,無,5620000,44016,坡道平面,30.16,1100000,,RPUNMLLKLHGGFBD37CB
安南區,房地(土地+建物)+車位,臺南市安南區培安路305巷旁 A2-04,17.32,住,,,1080611,土地1建物1車位1,四層,15,住宅大樓(11層含以上有電梯),住家用,鋼筋混凝土造,,132.85,3,2,2,有,無,5550000,43334,坡道平面,30.16,1100000,,RPVNMLLKLHGGFBD47CB
安南區,房地(土地+建物)+車位,臺南市安南區培安路305巷旁 A2-08,17.32,住,,,1090606,土地1建物1車位1,八層,15,住宅大樓(11層含以上有電梯),住家用,鋼筋混凝土造,,132.85,3,2,2,有,無,6010000,47814,坡道平面,30.16,1100000,,RPWNMLLKLHGGFBD57CB
安南區,房地(土地+建物)+車位,臺南市安南區培安路305巷旁 A2-09,17.32,住,,,1090321,土地1建物1車位1,九層,15,住宅大樓(11層含以上有電梯),住家用,鋼筋混凝土造,,132.85,3,2,2,有,無,6010000,47814,坡道平面,30.16,1100000,,RPXNMLLKLHGGFBD67CB
安南區,房地(土地+建物)+車位,臺南市安南區培安路305巷旁 A2-14,17.32,住,,,1080507,土地1建物1車位1,十四層,15,住宅大樓(11層含以上有電梯),住家用,鋼筋混凝土造,,132.85,3,2,2,有,無,5400000,41874,坡道平面,30.16,1100000,,RPPOMLLKLHGGFBD96CB
安南區,房地(土地+建物)+車位,臺南市安南區培安路305巷旁 A2-10,17.32,住,,,1080702,土地1建物1車位1,十層,15,住宅大樓(11層含以上有電梯),住家用,鋼筋混凝土造,,132.85,3,2,2,有,無,5920000,44990,坡道平面,30.16,1300000,,RPQOMLLKLHGGFBD07CB
安南區,房地(土地+建物)+車位,臺南市安南區培安路305巷旁 A2-05,17.32,住,,,1080507,土地1建物1車位1,五層,15,住宅大樓(11層含以上有電梯),住家用,鋼筋混凝土造,,131.76,3,2,2,有,無,5500000,42847,坡道平面,29.07,1100000,,RPROMLLKLHGGFBD17CB
安南區,房地(土地+建物)+車位,臺南市安南區培安路305巷旁 A2-06,17.32,住,,,1080614,土地1建物1車位1,六層,15,住宅大樓(11層含以上有電梯),住家用,鋼筋混凝土造,,131.76,3,2,2,有,無,5580000,43626,坡道平面,29.07,1100000,,RPSOMLLKLHGGFBD27CB
安南區,房地(土地+建物)+車位,臺南市安南區培安路305巷旁 A2-12,17.32,住,,,1080514,土地1建物1車位1,十二層,15,住宅大樓(11層含以上有電梯),住家用,鋼筋混凝土造,,131.76,3,2,2,有,無,5570000,43529,坡道平面,29.07,1100000,,RPTOMLLKLHGGFBD37CB
安南區,房地(土地+建物)+車位,臺南市安南區培安路305巷旁 A2-07,17.32,住,,,1081126,土地1建物1車位1,七層,15,住宅大樓(11層含以上有電梯),住家用,鋼筋混凝土造,,131.76,3,2,2,有,無,5500000,43821,坡道平面,29.07,1000000,,RPUOMLLKLHGGFBD47CB
安南區,房地(土地+建物)+車位,臺南市安南區培安路305巷旁 A2-11,17.32,住,,,1090329,土地1建物1車位1,十一層,15,住宅大樓(11層含以上有電梯),住家用,鋼筋混凝土造,,131.76,3,2,2,有,無,5900000,45769,坡道平面,29.07,1200000,,RPVOMLLKLHGGFBD57CB
安南區,房地(土地+建物),臺南市安南區培安路305巷旁 A3-03,13.78,住,,,1080528,土地1建物1車位0,三層,15,住宅大樓(11層含以上有電梯),住家用,鋼筋混凝土造,,82.44,2,2,1,有,無,3720000,45124,,0.0,0,,RPWOMLLKLHGGFBD67CB
安南區,房地(土地+建物),臺南市安南區培安路305巷旁 A3-06,13.78,住,,,1080507,土地1建物1車位0,六層,15,住宅大樓(11層含以上有電梯),住家用,鋼筋混凝土造,,82.44,2,2,1,有,無,3790000,45973,,0.0,0,,RPXOMLLKLHGGFBD77CB
安南區,房地(土地+建物)+車位,臺南市安南區培安路305巷旁 A3-04,14.17,住,,,1080507,土地1建物1車位1,四層,15,住宅大樓(11層含以上有電梯),住家用,鋼筋混凝土造,,111.51,2,2,1,有,無,4480000,41000,坡道平面,29.07,1100000,,RPOPMLLKLHGGFBD96CB
安南區,房地(土地+建物)+車位,臺南市安南區培安路305巷旁 A3-10,14.17,住,,,1080625,土地1建物1車位1,十層,15,住宅大樓(11層含以上有電梯),住家用,鋼筋混凝土造,,112.6,2,2,1,有,無,4860000,44396,坡道平面,30.16,1200000,,RPPPMLLKLHGGFBD07CB
安南區,房地(土地+建物)+車位,臺南市安南區培安路305巷旁 A3-05,14.17,住,,,1080507,土地1建物1車位1,五層,15,住宅大樓(11層含以上有電梯),住家用,鋼筋混凝土造,,111.51,2,2,1,有,無,4500000,42455,坡道平面,29.07,1000000,,RPQPMLLKLHGGFBD17CB
安南區,房地(土地+建物)+車位,臺南市安南區培安路305巷旁 A3-09,14.17,住,,,1080723,土地1建物1車位1,九層,15,住宅大樓(11層含以上有電梯),住家用,鋼筋混凝土造,,111.51,2,2,1,有,無,4590000,43547,坡道平面,29.07,1000000,,RPTPMLLKLHGGFBD47CB
安南區,房地(土地+建物)+車位,臺南市安南區培安路305巷旁 A3-07,14.17,住,,,1080605,土地1建物1車位1,七層,15,住宅大樓(11層含以上有電梯),住家用,鋼筋混凝土造,,112.6,2,2,1,有,無,4640000,42940,坡道平面,30.16,1100000,,RPUPMLLKLHGGFBD57CB
安南區,房地(土地+建物)+車位,臺南市安南區培安路305巷旁 A3-08,14.17,住,,,1080507,土地1建物1車位1,八層,15,住宅大樓(11層含以上有電梯),住家用,鋼筋混凝土造,,112.6,2,2,1,有,無,4630000,42819,坡道平面,30.16,1100000,,RPVPMLLKLHGGFBD67CB
安南區,房地(土地+建物)+車位,臺南市安南區培安路305巷旁 A3-11,14.17,住,,,1080528,土地1建物1車位1,十一層,15,住宅大樓(11層含以上有電梯),住家用,鋼筋混凝土造,,112.6,2,2,1,有,無,4610000,42576,坡道平面,30.16,1100000,,RPOQMLLKLHGGFBD07CB
安南區,房地(土地+建物)+車位,臺南市安南區培安路305巷旁 A3-12,14.17,住,,,1080514,土地1建物1車位1,十二層,15,住宅大樓(11層含以上有電梯),住家用,鋼筋混凝土造,,112.6,2,2,1,有,無,4610000,42576,坡道平面,30.16,1100000,,RPPQMLLKLHGGFBD17CB
安南區,房地(土地+建物)+車位,臺南市安南區培安路305巷旁 A3-13,14.17,住,,,1080507,土地1建物1車位1,十三層,15,住宅大樓(11層含以上有電梯),住家用,鋼筋混凝土造,,112.6,2,2,1,有,無,4610000,42576,坡道平面,30.16,1100000,,RPQQMLLKLHGGFBD27CB
安南區,房地(土地+建物)+車位,臺南市安南區培安路305巷旁 A3-14,14.17,住,,,1081112,土地1建物1車位1,十四層,15,住宅大樓(11層含以上有電梯),住家用,鋼筋混凝土造,,112.6,2,2,1,有,無,4800000,44881,坡道平面,30.16,1100000,,RPRQMLLKLHGGFBD37CB
安南區,房地(土地+建物)+車位,臺南市安南區培安路305巷旁 A3-15,14.17,住,,,1080709,土地1建物1車位1,十五層,15,住宅大樓(11層含以上有電梯),住家用,鋼筋混凝土造,,112.6,2,2,1,有,無,4650000,43062,坡道平面,30.16,1100000,,RPSQMLLKLHGGFBD47CB
安南區,房地(土地+建物)+車位,臺南市安南區培安路305巷旁 A5-03,21.65,住,,,1090926,土地1建物1車位1,三層,15,住宅大樓(11層含以上有電梯),住家用,鋼筋混凝土造,,156.61,3,2,2,有,無,7150000,46263,坡道平面,30.16,1300000,,RPTQMLLKLHGGFBD57CB
安南區,房地(土地+建物)+車位,臺南市安南區培安路305巷旁 A5-10,21.65,住,,,1080820,土地1建物1車位1,十層,15,住宅大樓(11層含以上有電梯),住家用,鋼筋混凝土造,,156.61,3,2,2,有,無,6770000,43258,坡道平面,30.16,1300000,,RPUQMLLKLHGGFBD67CB
安南區,房地(土地+建物)+車位,臺南市安南區培安路305巷旁 A5-11,21.65,住,,,1090718,土地1建物1車位1,十一層,15,住宅大樓(11層含以上有電梯),住家用,鋼筋混凝土造,,156.61,3,2,2,有,無,7000000,45077,坡道平面,30.16,1300000,,RPVQMLLKLHGGFBD77CB
安南區,房地(土地+建物)+車位,臺南市安南區培安路305巷旁 A5-02,21.65,住,,,1090801,土地1建物1車位1,二層,15,住宅大樓(11層含以上有電梯),住家用,鋼筋混凝土造,,156.61,3,2,2,有,無,6980000,45710,坡道平面,30.16,1200000,,RPWQMLLKLHGGFBD87CB
安南區,房地(土地+建物)+車位,臺南市安南區培安路305巷旁 A5-05,21.65,住,,,1080903,土地1建物1車位1,五層,15,住宅大樓(11層含以上有電梯),住家用,鋼筋混凝土造,,156.61,3,2,2,有,無,6580000,42546,坡道平面,30.16,1200000,,RPXQMLLKLHGGFBD97CB
安南區,房地(土地+建物)+車位,臺南市安南區培安路305巷旁 A5-06,21.65,住,,,1080507,土地1建物1車位1,六層,15,住宅大樓(11層含以上有電梯),住家用,鋼筋混凝土造,,156.61,3,2,2,有,無,6500000,41914,坡道平面,30.16,1200000,,RPORMLLKLHGGFBD17CB
安南區,房地(土地+建物)+車位,臺南市安南區培安路305巷旁 A5-07,21.65,住,,,1080924,土地1建物1車位1,七層,15,住宅大樓(11層含以上有電梯),住家用,鋼筋混凝土造,,156.61,3,2,2,有,無,6760000,43970,坡道平面,30.16,1200000,,RPPRMLLKLHGGFBD27CB
安南區,房地(土地+建物)+車位,臺南市安南區培安路305巷旁 A5-08,21.65,住,,,1081210,土地1建物1車位1,八層,15,住宅大樓(11層含以上有電梯),住家用,鋼筋混凝土造,,156.61,3,2,2,有,無,7060000,46342,坡道平面,30.16,1200000,,RPQRMLLKLHGGFBD37CB
安南區,房地(土地+建物)+車位,臺南市安南區培安路305巷旁 A5-09,21.65,住,,,1090712,土地1建物1車位1,九層,15,住宅大樓(11層含以上有電梯),住家用,鋼筋混凝土造,,156.61,3,2,2,有,無,7090000,46580,坡道平面,30.16,1200000,,RPRRMLLKLHGGFBD47CB
安南區,房地(土地+建物)+車位,臺南市安南區培安路305巷旁 A5-13,21.65,住,,,1081105,土地1建物1車位1,十三層,15,住宅大樓(11層含以上有電梯),住家用,鋼筋混凝土造,,156.61,3,2,2,有,無,6710000,43575,坡道平面,30.16,1200000,,RPSRMLLKLHGGFBD57CB
安南區,房地(土地+建物)+車位,臺南市安南區培安路305巷旁 A5-12,21.65,住,,,1080617,土地1建物1車位1,十二層,15,住宅大樓(11層含以上有電梯),住家用,鋼筋混凝土造,,156.61,3,2,2,有,無,6750000,43891,坡道平面,30.16,1200000,,RPTRMLLKLHGGFBD67CB
安南區,房地(土地+建物)+車位,臺南市安南區培安路305巷旁 A5-14,21.65,住,,,1090830,土地1建物1車位1,十四層,15,住宅大樓(11層含以上有電梯),住家用,鋼筋混凝土造,,156.61,3,2,2,有,無,7380000,49664,坡道平面,30.16,1100000,,RPQNMLMKLHGGFBD07CB
安南區,房地(土地+建物)+車位,臺南市安南區培安路305巷旁 A5-15,21.65,住,,,1090905,土地1建物1車位1,十五層,15,住宅大樓(11層含以上有電梯),住家用,鋼筋混凝土造,,156.61,3,2,2,有,無,7000000,46659,坡道平面,30.16,1100000,,RPRNMLMKLHGGFBD17CB
安南區,房地(土地+建物)+車位,臺南市安南區培安路305巷旁 A5-04,22.04,住,,,1090503,土地1建物1車位2,四層,15,住宅大樓(11層含以上有電梯),住家用,鋼筋混凝土造,,186.77,3,2,2,有,無,7610000,42784,坡道平面,60.32,2200000,,RPSNMLMKLHGGFBD27CB
安南區,房地(土地+建物)+車位,臺南市安南區培安路305巷旁 B1-02,20.08,住,,,1090218,土地1建物1車位1,二層,15,住宅大樓(11層含以上有電梯),住家用,鋼筋混凝土造,,147.42,3,2,2,有,無,6880000,49292,坡道平面,30.16,1100000,,RPTNMLMKLHGGFBD37CB
安南區,房地(土地+建物)+車位,臺南市安南區培安路305巷旁 B1-04,18.89,住,,,1080521,土地1建物1車位1,四層,15,住宅大樓(11層含以上有電梯),住家用,鋼筋混凝土造,,140.25,3,2,2,有,無,5680000,41602,坡道平面,30.16,1100000,,RPUNMLMKLHGGFBD47CB
安南區,房地(土地+建物)+車位,臺南市安南區培安路305巷旁 B1-06,18.89,住,,,1080521,土地1建物1車位1,六層,15,住宅大樓(11層含以上有電梯),住家用,鋼筋混凝土造,,140.25,3,2,2,有,無,5770000,42420,坡道平面,30.16,1100000,,RPVNMLMKLHGGFBD57CB
安南區,房地(土地+建物)+車位,臺南市安南區培安路305巷旁 B1-12,18.89,住,,,1080507,土地1建物1車位1,十二層,15,住宅大樓(11層含以上有電梯),住家用,鋼筋混凝土造,,140.25,3,2,2,有,無,5800000,42692,坡道平面,30.16,1100000,,RPWNMLMKLHGGFBD67CB
安南區,房地(土地+建物)+車位,臺南市安南區培安路305巷旁 B1-14,18.89,住,,,1080507,土地1建物1車位1,十四層,15,住宅大樓(11層含以上有電梯),住家用,鋼筋混凝土造,,140.25,3,2,2,有,無,5800000,42692,坡道平面,30.16,1100000,,RPXNMLMKLHGGFBD77CB
安南區,房地(土地+建物)+車位,臺南市安南區培安路305巷旁 B1-03,18.89,住,,,1080507,土地1建物1車位1,三層,15,住宅大樓(11層含以上有電梯),住家用,鋼筋混凝土造,,140.25,3,2,2,有,無,5830000,42056,坡道平面,30.16,1200000,,RPOOMLMKLHGGFBD96CB
安南區,房地(土地+建物)+車位,臺南市安南區培安路305巷旁 B1-05,18.89,住,,,1080605,土地1建物1車位1,五層,15,住宅大樓(11層含以上有電梯),住家用,鋼筋混凝土造,,140.25,3,2,2,有,無,5870000,42420,坡道平面,30.16,1200000,,RPPOMLMKLHGGFBD07CB
安南區,房地(土地+建物)+車位,臺南市安南區培安路305巷旁 B1-07,18.89,住,,,1080514,土地1建物1車位1,七層,15,住宅大樓(11層含以上有電梯),住家用,鋼筋混凝土造,,140.25,3,2,2,有,無,5880000,42511,坡道平面,30.16,1200000,,RPQOMLMKLHGGFBD17CB
安南區,房地(土地+建物)+車位,臺南市安南區培安路305巷旁 B1-08,18.89,住,,,1090310,土地1建物1車位1,八層,15,住宅大樓(11層含以上有電梯),住家用,鋼筋混凝土造,,140.25,3,2,2,有,無,6350000,46780,坡道平面,30.16,1200000,,RPTOMLMKLHGGFBD47CB
安南區,房地(土地+建物)+車位,臺南市安南區培安路305巷旁 B1-15,18.89,住,,,1080611,土地1建物1車位1,十五層,15,住宅大樓(11層含以上有電梯),住家用,鋼筋混凝土造,,140.25,3,2,2,有,無,5930000,42965,坡道平面,30.16,1200000,,RPUOMLMKLHGGFBD57CB
安南區,房地(土地+建物)+車位,臺南市安南區培安路305巷旁 B1-11,18.89,住,,,1080507,土地1建物1車位1,十一層,15,住宅大樓(11層含以上有電梯),住家用,鋼筋混凝土造,,140.25,3,2,2,有,無,6000000,42692,坡道平面,30.16,1300000,,RPVOMLMKLHGGFBD67CB
安南區,房地(土地+建物)+車位,臺南市安南區培安路305巷旁 B1-13,18.89,住,,,1090315,土地1建物1車位1,十三層,15,住宅大樓(11層含以上有電梯),住家用,鋼筋混凝土造,,140.25,3,2,2,有,無,6380000,46144,坡道平面,30.16,1300000,,RPWOMLMKLHGGFBD77CB
安南區,房地(土地+建物)+車位,臺南市安南區培安路305巷旁 B1-09,18.89,住,,,1080903,土地1建物1車位1,九層,15,住宅大樓(11層含以上有電梯),住家用,鋼筋混凝土造,,139.16,3,2,2,有,無,6070000,45145,坡道平面,29.07,1100000,,RPOPMLMKLHGGFBD07CB
安南區,房地(土地+建物)+車位,臺南市安南區培安路305巷旁 B1-10,18.89,住,,,1080507,土地1建物1車位1,十層,15,住宅大樓(11層含以上有電梯),住家用,鋼筋混凝土造,,139.16,3,2,2,有,無,5900000,43601,坡道平面,29.07,1100000,,RPPPMLMKLHGGFBD17CB
安南區,房地(土地+建物)+車位,臺南市安南區培安路305巷旁 B2-03,17.71,住,,,1090913,土地1建物1車位1,三層,15,住宅大樓(11層含以上有電梯),住家用,鋼筋混凝土造,,134.33,2,2,2,有,無,6330000,50206,坡道平面,30.16,1100000,,RPQPMLMKLHGGFBD27CB
安南區,房地(土地+建物)+車位,臺南市安南區培安路305巷旁 B2-11,17.71,住,,,1091004,土地1建物1車位1,十一層,15,住宅大樓(11層含以上有電梯),住家用,鋼筋混凝土造,,134.33,2,2,2,有,無,6400000,50878,坡道平面,30.16,1100000,,RPRPMLMKLHGGFBD37CB
安南區,房地(土地+建物)+車位,臺南市安南區培安路305巷旁 B2-04,17.71,住,,,1090614,土地1建物1車位1,四層,15,住宅大樓(11層含以上有電梯),住家用,鋼筋混凝土造,,134.33,2,2,2,有,無,6020000,46271,坡道平面,30.16,1200000,,RPSPMLMKLHGGFBD47CB
安南區,房地(土地+建物)+車位,臺南市安南區培安路305巷旁 B2-05,17.71,住,,,1081022,土地1建物1車位1,五層,15,住宅大樓(11層含以上有電梯),住家用,鋼筋混凝土造,,134.33,2,2,2,有,無,5970000,45791,坡道平面,30.16,1200000,,RPUPMLMKLHGGFBD67CB
安南區,房地(土地+建物)+車位,臺南市安南區培安路305巷旁 B2-06,17.71,住,,,1090620,土地1建物1車位1,六層,15,住宅大樓(11層含以上有電梯),住家用,鋼筋混凝土造,,134.33,2,2,2,有,無,6220000,48190,坡道平面,30.16,1200000,,RPVPMLMKLHGGFBD77CB
安南區,房地(土地+建物)+車位,臺南市安南區培安路305巷旁 B2-07,17.71,住,,,1090719,土地1建物1車位1,七層,15,住宅大樓(11層含以上有電梯),住家用,鋼筋混凝土造,,134.33,2,2,2,有,無,6250000,48478,坡道平面,30.16,1200000,,RPWPMLMKLHGGFBD87CB
安南區,房地(土地+建物)+車位,臺南市安南區培安路305巷旁 B2-08,17.71,住,,,1090816,土地1建物1車位1,八層,15,住宅大樓(11層含以上有電梯),住家用,鋼筋混凝土造,,134.33,2,2,2,有,無,6680000,52606,坡道平面,30.16,1200000,,RPXPMLMKLHGGFBD97CB
安南區,房地(土地+建物)+車位,臺南市安南區培安路305巷旁 B2-14,17.71,住,,,1091115,土地1建物1車位1,十四層,15,住宅大樓(11層含以上有電梯),住家用,鋼筋混凝土造,,134.33,2,2,2,有,無,6350000,49438,坡道平面,30.16,1200000,,RPOQMLMKLHGGFBD17CB
安南區,房地(土地+建物)+車位,臺南市安南區培安路305巷旁 B2-15,17.71,住,,,1091101,土地1建物1車位1,十五層,15,住宅大樓(11層含以上有電梯),住家用,鋼筋混凝土造,,134.33,2,2,2,有,無,6200000,47998,坡道平面,30.16,1200000,,RPPQMLMKLHGGFBD27CB
安南區,房地(土地+建物)+車位,臺南市安南區培安路305巷旁 B2-10,17.71,住,,,1090627,土地1建物1車位1,十層,15,住宅大樓(11層含以上有電梯),住家用,鋼筋混凝土造,,134.33,2,2,2,有,無,6310000,48094,坡道平面,30.16,1300000,,RPQQMLMKLHGGFBD37CB
安南區,房地(土地+建物)+車位,臺南市安南區培安路305巷旁 B2-13,17.71,住,,,1090705,土地1建物1車位1,十三層,15,住宅大樓(11層含以上有電梯),住家用,鋼筋混凝土造,,134.33,2,2,2,有,無,6250000,47518,坡道平面,30.16,1300000,,RPRQMLMKLHGGFBD47CB
安南區,房地(土地+建物)+車位,臺南市安南區培安路305巷旁 B2-09,17.71,住,,,1080521,土地1建物1車位1,九層,15,住宅大樓(11層含以上有電梯),住家用,鋼筋混凝土造,,133.24,2,2,2,有,無,5750000,44639,坡道平面,29.07,1100000,,RPSQMLMKLHGGFBD57CB
安南區,房地(土地+建物)+車位,臺南市安南區培安路305巷旁 B2-12,17.71,住,,,1090927,土地1建物1車位1,十二層,15,住宅大樓(11層含以上有電梯),住家用,鋼筋混凝土造,,133.24,2,2,2,有,無,6380000,49726,坡道平面,29.07,1200000,,RPUQMLMKLHGGFBD77CB
安南區,房地(土地+建物)+車位,臺南市安南區培安路305巷旁 B3-04,15.35,住,,,1080709,土地1建物1車位1,四層,15,住宅大樓(11層含以上有電梯),住家用,鋼筋混凝土造,,119.86,2,2,2,有,無,5100000,45159,坡道平面,29.07,1000000,,RPVQMLMKLHGGFBD87CB
安南區,房地(土地+建物)+車位,臺南市安南區培安路305巷旁 B3-07,15.35,住,,,1080625,土地1建物1車位1,七層,15,住宅大樓(11層含以上有電梯),住家用,鋼筋混凝土造,,119.86,2,2,2,有,無,5260000,45820,坡道平面,29.07,1100000,,RPXQMLMKLHGGFBD08CB
安南區,房地(土地+建物)+車位,臺南市安南區培安路305巷旁 B3-11,15.35,住,,,1090906,土地1建物1車位1,十一層,15,住宅大樓(11層含以上有電梯),住家用,鋼筋混凝土造,,120.95,2,2,2,有,無,5830000,49895,坡道平面,30.16,1300000,,RPPRMLMKLHGGFBD37CB
安南區,房地(土地+建物)+車位,臺南市安南區培安路305巷旁 B3-13,15.35,住,,,1090726,土地1建物1車位1,十三層,15,住宅大樓(11層含以上有電梯),住家用,鋼筋混凝土造,,120.95,2,2,2,有,無,5580000,47142,坡道平面,30.16,1300000,,RPQRMLMKLHGGFBD47CB
安南區,房地(土地+建物)+車位,臺南市安南區培安路305巷旁 B3-05,15.35,住,,,1080507,土地1建物1車位1,五層,15,住宅大樓(11層含以上有電梯),住家用,鋼筋混凝土造,,120.95,2,2,2,有,無,5110000,44168,坡道平面,30.16,1100000,,RPRRMLMKLHGGFBD57CB
安南區,房地(土地+建物)+車位,臺南市安南區培安路305巷旁 B3-06,15.35,住,,,1080813,土地1建物1車位1,六層,15,住宅大樓(11層含以上有電梯),住家用,鋼筋混凝土造,,120.95,2,2,2,有,無,5250000,45710,坡道平面,30.16,1100000,,RPSRMLMKLHGGFBD67CB
安南區,房地(土地+建物)+車位,臺南市安南區培安路305巷旁 B3-08,15.35,住,,,1080730,土地1建物1車位1,八層,15,住宅大樓(11層含以上有電梯),住家用,鋼筋混凝土造,,120.95,2,2,2,有,無,5330000,46591,坡道平面,30.16,1100000,,RPTRMLMKLHGGFBD77CB
安南區,房地(土地+建物)+車位,臺南市安南區培安路305巷旁 B3-10,15.35,住,,,1080702,土地1建物1車位1,十層,15,住宅大樓(11層含以上有電梯),住家用,鋼筋混凝土造,,120.95,2,2,2,有,無,5310000,46371,坡道平面,30.16,1100000,,RPURMLMKLHGGFBD87CB
安南區,房地(土地+建物)+車位,臺南市安南區培安路305巷旁 B3-12,15.35,住,,,1081119,土地1建物1車位1,十二層,15,住宅大樓(11層含以上有電梯),住家用,鋼筋混凝土造,,120.95,2,2,2,有,無,5340000,46701,坡道平面,30.16,1100000,,RPVRMLMKLHGGFBD97CB
安南區,房地(土地+建物)+車位,臺南市安南區培安路305巷旁 B3-14,15.35,住,,,1091011,土地1建物1車位1,十四層,15,住宅大樓(11層含以上有電梯),住家用,鋼筋混凝土造,,120.95,2,2,2,有,無,5580000,49345,坡道平面,30.16,1100000,,RPWRMLMKLHGGFBD08CB
安南區,房地(土地+建物)+車位,臺南市安南區培安路305巷旁 B3-15,15.35,住,,,1090621,土地1建物1車位1,十五層,15,住宅大樓(11層含以上有電梯),住家用,鋼筋混凝土造,,120.95,2,2,2,有,無,5320000,46481,坡道平面,30.16,1100000,,RPXRMLMKLHGGFBD18CB
安南區,房地(土地+建物),臺南市安南區培安路305巷旁 B5-02,12.2,住,,,1080617,土地1建物1車位0,二層,15,住宅大樓(11層含以上有電梯),住家用,鋼筋混凝土造,,72.68,2,2,1,有,無,3480000,47881,,0.0,0,,RPOSMLMKLHGGFBD37CB
安南區,房地(土地+建物),臺南市安南區培安路305巷旁 B5-08,12.2,住,,,1090404,土地1建物1車位0,八層,15,住宅大樓(11層含以上有電梯),住家用,鋼筋混凝土造,,72.68,2,2,1,有,無,3800000,52284,,0.0,0,,RPPSMLMKLHGGFBD47CB
安南區,房地(土地+建物),臺南市安南區培安路305巷旁 B5-09,12.2,住,,,1090607,土地1建物1車位0,九層,15,住宅大樓(11層含以上有電梯),住家用,鋼筋混凝土造,,72.68,2,2,1,有,無,3800000,52284,,0.0,0,,RPQSMLMKLHGGFBD57CB
安南區,房地(土地+建物),臺南市安南區培安路305巷旁 B5-11,12.2,住,,,1090523,土地1建物1車位0,十一層,15,住宅大樓(11層含以上有電梯),住家用,鋼筋混凝土造,,72.68,2,2,1,有,無,3800000,52284,,0.0,0,,RPRSMLMKLHGGFBD67CB
安南區,房地(土地+建物),臺南市安南區培安路305巷旁 B5-13,12.2,住,,,1090322,土地1建物1車位0,十三層,15,住宅大樓(11層含以上有電梯),住家用,鋼筋混凝土造,,72.68,2,2,1,有,無,3760000,51734,,0.0,0,,RPSSMLMKLHGGFBD77CB
安南區,房地(土地+建物),臺南市安南區培安路305巷旁 B5-15,12.2,住,,,1080528,土地1建物1車位0,十五層,15,住宅大樓(11層含以上有電梯),住家用,鋼筋混凝土造,,72.68,2,2,1,有,無,3320000,45680,,0.0,0,,RPTSMLMKLHGGFBD87CB
安南區,房地(土地+建物)+車位,臺南市安南區培安路305巷旁 B5-03,12.6,住,,,1090225,土地1建物1車位1,三層,15,住宅大樓(11層含以上有電梯),住家用,鋼筋混凝土造,,101.75,2,2,1,有,無,4400000,45405,坡道平面,29.07,1100000,,RPUSMLMKLHGGFBD97CB
安南區,房地(土地+建物)+車位,臺南市安南區培安路305巷旁 B5-05,12.6,住,,,1080507,土地1建物1車位1,五層,15,住宅大樓(11層含以上有電梯),住家用,鋼筋混凝土造,,101.75,2,2,1,有,無,4150000,43341,坡道平面,29.07,1000000,,RPVSMLMKLHGGFBD08CB
安南區,房地(土地+建物)+車位,臺南市安南區培安路305巷旁 B5-06,12.6,住,,,1080507,土地1建物1車位1,六層,15,住宅大樓(11層含以上有電梯),住家用,鋼筋混凝土造,,101.75,2,2,1,有,無,4170000,43616,坡道平面,29.07,1000000,,RPWSMLMKLHGGFBD18CB
安南區,房地(土地+建物)+車位,臺南市安南區培安路305巷旁 B5-07,12.6,住,,,1080611,土地1建物1車位1,七層,15,住宅大樓(11層含以上有電梯),住家用,鋼筋混凝土造,,101.75,2,2,1,有,無,4500000,45405,坡道平面,29.07,1200000,,RPXSMLMKLHGGFBD28CB
安南區,房地(土地+建物)+車位,臺南市安南區培安路305巷旁 B5-14,12.6,住,,,1090310,土地1建物1車位1,十四層,15,住宅大樓(11層含以上有電梯),住家用,鋼筋混凝土造,,101.75,2,2,1,有,無,4660000,47606,坡道平面,29.07,1200000,,RPOTMLMKLHGGFBD47CB
安南區,房地(土地+建物)+車位,臺南市安南區培安路305巷旁 B5-04,12.6,住,,,1080702,土地1建物1車位1,四層,15,住宅大樓(11層含以上有電梯),住家用,鋼筋混凝土造,,102.84,2,2,1,有,無,4350000,44717,坡道平面,30.16,1100000,,RPPTMLMKLHGGFBD57CB
永康區,房地(土地+建物)+車位,臺南市永康區橋北段0039地號2S戶8樓,17.76,住,,,1090706,土地1建物1車位1,八層,14,住宅大樓(11層含以上有電梯),住家用,鋼筋混凝土造,,120.34,2,2,1,有,無,7230000,71272,坡道平面,33.63,1050000,,RPUNMLMKLHGGFKD38CB
永康區,房地(土地+建物)+車位,臺南市永康區橋北段0039地號2S戶9樓,17.76,住,,,1090707,土地1建物1車位1,九層,14,住宅大樓(11層含以上有電梯),住家用,鋼筋混凝土造,,120.34,2,2,1,有,無,7260000,71618,坡道平面,33.63,1050000,,RPVNMLMKLHGGFKD48CB
永康區,房地(土地+建物)+車位,臺南市永康區橋北段0039地號2S戶10樓,17.76,住,,,1090713,土地1建物1車位1,十層,14,住宅大樓(11層含以上有電梯),住家用,鋼筋混凝土造,,120.34,2,2,1,有,無,7290000,71964,坡道平面,33.63,1050000,,RPWNMLMKLHGGFKD58CB
永康區,房地(土地+建物)+車位,臺南市永康區橋北段0039地號2S戶11樓,17.76,住,,,1090713,土地1建物1車位1,十一層,14,住宅大樓(11層含以上有電梯),住家用,鋼筋混凝土造,,120.34,2,2,1,有,無,7260000,71041,坡道平面,33.63,1100000,,RPXNMLMKLHGGFKD68CB
永康區,房地(土地+建物)+車位,臺南市永康區橋北段0039地號2S戶12樓,17.76,住,,,1090709,土地1建物1車位1,十二層,14,住宅大樓(11層含以上有電梯),住家用,鋼筋混凝土造,,120.34,2,2,1,有,無,7280000,71272,坡道平面,33.63,1100000,,RPOOMLMKLHGGFKD87CB
永康區,房地(土地+建物)+車位,臺南市永康區橋北段0039地號2S戶13樓,17.76,住,,,1090713,土地1建物1車位1,十三層,14,住宅大樓(11層含以上有電梯),住家用,鋼筋混凝土造,,120.34,2,2,1,有,無,7310000,71618,坡道平面,33.63,1100000,,RPPOMLMKLHGGFKD97CB
永康區,房地(土地+建物)+車位,臺南市永康區橋北段0039地號2S戶14樓,17.58,住,,,1090721,土地1建物1車位1,十四層,14,住宅大樓(11層含以上有電梯),住家用,鋼筋混凝土造,,119.27,2,2,1,有,無,7160000,70465,坡道平面,32.56,1050000,,RPQOMLMKLHGGFKD08CB
永康區,房地(土地+建物)+車位,臺南市永康區橋北段0039地號2T戶2樓,16.49,住,,,1090909,土地1建物1車位1,二層,14,住宅大樓(11層含以上有電梯),住家用,鋼筋混凝土造,,113.08,2,2,1,有,無,7080000,75897,坡道平面,33.63,1050000,,RPROMLMKLHGGFKD18CB
永康區,房地(土地+建物)+車位,臺南市永康區橋北段0039地號2T戶3樓,16.49,住,,,1090909,土地1建物1車位1,三層,14,住宅大樓(11層含以上有電梯),住家用,鋼筋混凝土造,,113.08,2,2,1,有,無,7270000,78288,坡道平面,33.63,1050000,,RPSOMLMKLHGGFKD28CB
永康區,房地(土地+建物)+車位,臺南市永康區橋北段0039地號2T戶4樓,16.49,住,,,1090728,土地1建物1車位1,四層,14,住宅大樓(11層含以上有電梯),住家用,鋼筋混凝土造,,113.08,2,2,1,有,無,6980000,75897,坡道平面,33.63,950000,,RPTOMLMKLHGGFKD38CB
永康區,房地(土地+建物)+車位,臺南市永康區橋北段0039地號2T戶5樓,16.49,住,,,1090828,土地1建物1車位1,五層,14,住宅大樓(11層含以上有電梯),住家用,鋼筋混凝土造,,113.08,2,2,1,有,無,7390000,79799,坡道平面,33.63,1050000,,RPUOMLMKLHGGFKD48CB
永康區,房地(土地+建物)+車位,臺南市永康區橋北段0039地號2T戶6樓,16.49,住,,,1090826,土地1建物1車位1,六層,14,住宅大樓(11層含以上有電梯),住家用,鋼筋混凝土造,,113.08,2,2,1,有,無,7410000,80050,坡道平面,33.63,1050000,,RPVOMLMKLHGGFKD58CB
永康區,房地(土地+建物)+車位,臺南市永康區橋北段0039地號2T戶7樓,16.49,住,,,1090826,土地1建物1車位1,七層,14,住宅大樓(11層含以上有電梯),住家用,鋼筋混凝土造,,113.08,2,2,1,有,無,7440000,80428,坡道平面,33.63,1050000,,RPWOMLMKLHGGFKD68CB
永康區,房地(土地+建物)+車位,臺南市永康區橋北段0039地號2T戶8樓,16.49,住,,,1090906,土地1建物1車位1,八層,14,住宅大樓(11層含以上有電梯),住家用,鋼筋混凝土造,,113.08,2,2,1,有,無,7510000,80680,坡道平面,33.63,1100000,,RPXOMLMKLHGGFKD78CB
永康區,房地(土地+建物)+車位,臺南市永康區橋北段0039地號2T戶9樓,16.49,住,,,1090816,土地1建物1車位1,九層,14,住宅大樓(11層含以上有電梯),住家用,鋼筋混凝土造,,113.08,2,2,1,有,無,7500000,80554,坡道平面,33.63,1100000,,RPOPMLMKLHGGFKD97CB
永康區,房地(土地+建物)+車位,臺南市永康區橋北段0039地號2T戶10樓,16.49,住,,,1090908,土地1建物1車位1,十層,14,住宅大樓(11層含以上有電梯),住家用,鋼筋混凝土造,,113.08,2,2,1,有,無,7560000,81309,坡道平面,33.63,1100000,,RPPPMLMKLHGGFKD08CB
永康區,房地(土地+建物)+車位,臺南市永康區橋北段0039地號2T戶11樓,16.49,住,,,1090903,土地1建物1車位1,十一層,14,住宅大樓(11層含以上有電梯),住家用,鋼筋混凝土造,,113.08,2,2,1,有,無,7540000,80428,坡道平面,33.63,1150000,,RPQPMLMKLHGGFKD18CB
永康區,房地(土地+建物)+車位,臺南市永康區橋北段0039地號2T戶12樓,16.49,住,,,1090907,土地1建物1車位1,十二層,14,住宅大樓(11層含以上有電梯),住家用,鋼筋混凝土造,,113.08,2,2,1,有,無,7560000,80680,坡道平面,33.63,1150000,,RPRPMLMKLHGGFKD28CB
永康區,房地(土地+建物)+車位,臺南市永康區橋北段0039地號2T戶13樓,16.31,住,,,1090907,土地1建物1車位1,十三層,14,住宅大樓(11層含以上有電梯),住家用,鋼筋混凝土造,,112.01,2,2,1,有,無,7590000,81057,坡道平面,32.56,1150000,,RPSPMLMKLHGGFKD38CB
永康區,房地(土地+建物)+車位,臺南市永康區橋北段0039地號2T戶14樓,16.49,住,,,1090909,土地1建物1車位1,十四層,14,住宅大樓(11層含以上有電梯),住家用,鋼筋混凝土造,,113.08,2,2,1,有,無,7540000,79799,坡道平面,33.63,1200000,,RPUPMLMKLHGGFKD58CB
永康區,房地(土地+建物)+車位,臺南市永康區橋北段0039地號2U戶2樓,23.56,住,,,1091102,土地1建物1車位1,二層,14,住宅大樓(11層含以上有電梯),住家用,鋼筋混凝土造,,148.04,3,2,2,有,無,8660000,64330,坡道平面,33.63,1300000,,RPVPMLMKLHGGFKD68CB
永康區,房地(土地+建物)+車位,臺南市永康區橋北段0039地號2U戶3樓,23.56,住,,,1091014,土地1建物1車位1,三層,14,住宅大樓(11層含以上有電梯),住家用,鋼筋混凝土造,,148.04,3,2,2,有,無,8980000,68438,坡道平面,33.63,1150000,,RPWPMLMKLHGGFKD78CB
永康區,房地(土地+建物)+車位,臺南市永康區橋北段0039地號2U戶4樓,23.56,住,,,1091030,土地1建物1車位1,四層,14,住宅大樓(11層含以上有電梯),住家用,鋼筋混凝土造,,148.04,3,2,2,有,無,8960000,68263,坡道平面,33.63,1150000,,RPXPMLMKLHGGFKD88CB
永康區,房地(土地+建物)+車位,臺南市永康區橋北段0039地號2U戶5樓,23.56,住,,,1091030,土地1建物1車位1,五層,14,住宅大樓(11層含以上有電梯),住家用,鋼筋混凝土造,,148.04,3,2,2,有,無,9460000,72634,坡道平面,33.63,1150000,,RPOQMLMKLHGGFKD08CB
永康區,房地(土地+建物)+車位,臺南市永康區橋北段0039地號2U戶6樓,23.56,住,,,1091102,土地1建物1車位1,六層,14,住宅大樓(11層含以上有電梯),住家用,鋼筋混凝土造,,148.04,3,2,2,有,無,9490000,72896,坡道平面,33.63,1150000,,RPPQMLMKLHGGFKD18CB
永康區,房地(土地+建物)+車位,臺南市永康區橋北段0039地號2U戶7樓,23.56,住,,,1091031,土地1建物1車位1,七層,14,住宅大樓(11層含以上有電梯),住家用,鋼筋混凝土造,,148.04,3,2,2,有,無,9580000,73245,坡道平面,33.63,1200000,,RPQQMLMKLHGGFKD28CB
永康區,房地(土地+建物)+車位,臺南市永康區橋北段0039地號2U戶8樓,23.56,住,,,1091026,土地1建物1車位1,八層,14,住宅大樓(11層含以上有電梯),住家用,鋼筋混凝土造,,148.04,3,2,2,有,無,9510000,73508,坡道平面,33.63,1100000,,RPRQMLMKLHGGFKD38CB
永康區,房地(土地+建物)+車位,臺南市永康區橋北段0039地號2U戶9樓,23.56,住,,,1091026,土地1建物1車位1,九層,14,住宅大樓(11層含以上有電梯),住家用,鋼筋混凝土造,,148.04,3,2,2,有,無,9590000,73770,坡道平面,33.63,1150000,,RPSQMLMKLHGGFKD48CB
永康區,房地(土地+建物)+車位,臺南市永康區橋北段0039地號2U戶10樓,23.56,住,,,1091016,土地1建物1車位1,十層,14,住宅大樓(11層含以上有電梯),住家用,鋼筋混凝土造,,148.04,3,2,2,有,無,9530000,74119,坡道平面,33.63,1050000,,RPTQMLMKLHGGFKD58CB
永康區,房地(土地+建物)+車位,臺南市永康區橋北段0039地號2U戶11樓,23.56,住,,,1091020,土地1建物1車位1,十一層,14,住宅大樓(11層含以上有電梯),住家用,鋼筋混凝土造,,150.74,3,2,2,有,無,9580000,73245,坡道平面,36.33,1200000,,RPUQMLMKLHGGFKD68CB
永康區,房地(土地+建物)+車位,臺南市永康區橋北段0039地號2U戶12樓,23.56,住,,,1091020,土地1建物1車位1,十二層,14,住宅大樓(11層含以上有電梯),住家用,鋼筋混凝土造,,148.04,3,2,2,有,無,9460000,73508,坡道平面,33.63,1050000,,RPVQMLMKLHGGFKD78CB
永康區,房地(土地+建物)+車位,臺南市永康區橋北段0039地號2U戶13樓,23.56,住,,,1091027,土地1建物1車位1,十三層,14,住宅大樓(11層含以上有電梯),住家用,鋼筋混凝土造,,148.04,3,2,2,有,無,9490000,73770,坡道平面,33.63,1050000,,RPWQMLMKLHGGFKD88CB
永康區,房地(土地+建物)+車位,臺南市永康區橋北段0039地號2U戶14樓,23.56,住,,,1090928,土地1建物1車位1,十四層,14,住宅大樓(11層含以上有電梯),住家用,鋼筋混凝土造,,148.04,3,2,2,有,無,9130000,70186,坡道平面,33.63,1100000,,RPXQMLMKLHGGFKD98CB
永康區,房地(土地+建物)+車位,臺南市永康區橋北段0039地號2V戶3樓,24.11,住,,,1091111,土地1建物1車位1,三層,14,住宅大樓(11層含以上有電梯),住家用,鋼筋混凝土造,,151.11,3,2,2,有,無,9960000,73715,坡道平面,33.63,1300000,,RPXRMLMKLHGGFKD09CB
永康區,房地(土地+建物)+車位,臺南市永康區橋北段0039地號2V戶4樓,24.11,住,,,1091017,土地1建物1車位1,四層,14,住宅大樓(11層含以上有電梯),住家用,鋼筋混凝土造,,151.11,3,2,2,有,無,10230000,77290,坡道平面,33.63,1150000,,RPOSMLMKLHGGFKD28CB
永康區,房地(土地+建物)+車位,臺南市永康區橋北段0039地號2V戶5樓,24.11,住,,,1091030,土地1建物1車位1,五層,14,住宅大樓(11層含以上有電梯),住家用,鋼筋混凝土造,,151.11,3,2,2,有,無,10980000,83674,坡道平面,33.63,1150000,,RPPSMLMKLHGGFKD38CB
永康區,房地(土地+建物)+車位,臺南市永康區橋北段0039地號2V戶6樓,24.11,住,,,1091014,土地1建物1車位1,六層,14,住宅大樓(11層含以上有電梯),住家用,鋼筋混凝土造,,153.81,3,2,2,有,無,11070000,84014,坡道平面,36.33,1200000,,RPQSMLMKLHGGFKD48CB
永康區,房地(土地+建物)+車位,臺南市永康區橋北段0039地號2V戶7樓,24.11,住,,,1091014,土地1建物1車位1,七層,14,住宅大樓(11層含以上有電梯),住家用,鋼筋混凝土造,,151.11,3,2,2,有,無,11100000,84270,坡道平面,33.63,1200000,,RPRSMLMKLHGGFKD58CB
永康區,房地(土地+建物)+車位,臺南市永康區橋北段0039地號2V戶8樓,24.11,住,,,1091001,土地1建物1車位1,八層,14,住宅大樓(11層含以上有電梯),住家用,鋼筋混凝土造,,151.11,3,2,2,有,無,11140000,84610,坡道平面,33.63,1200000,,RPSSMLMKLHGGFKD68CB
永康區,房地(土地+建物)+車位,臺南市永康區橋北段0039地號2V戶9樓,24.11,住,,,1091011,土地1建物1車位1,九層,14,住宅大樓(11層含以上有電梯),住家用,鋼筋混凝土造,,151.11,3,2,2,有,無,11180000,84951,坡道平面,33.63,1200000,,RPTSMLMKLHGGFKD78CB
永康區,房地(土地+建物)+車位,臺南市永康區橋北段0039地號2V戶10樓,24.11,住,,,1091010,土地1建物1車位1,十層,14,住宅大樓(11層含以上有電梯),住家用,鋼筋混凝土造,,151.11,3,2,2,有,無,11210000,85206,坡道平面,33.63,1200000,,RPUSMLMKLHGGFKD88CB
永康區,房地(土地+建物)+車位,臺南市永康區橋北段0039地號2V戶11樓,24.11,住,,,1091012,土地1建物1車位1,十一層,14,住宅大樓(11層含以上有電梯),住家用,鋼筋混凝土造,,151.11,3,2,2,有,無,11100000,84270,坡道平面,33.63,1200000,,RPWSMLMKLHGGFKD09CB
永康區,房地(土地+建物)+車位,臺南市永康區橋北段0039地號2V戶12樓,24.11,住,,,1090823,土地1建物1車位1,十二層,14,住宅大樓(11層含以上有電梯),住家用,鋼筋混凝土造,,151.11,3,2,2,有,無,10840000,82482,坡道平面,33.63,1150000,,RPXSMLMKLHGGFKD56CB
永康區,房地(土地+建物)+車位,臺南市永康區橋北段0039地號2V戶13樓,24.11,住,,,1090907,土地1建物1車位1,十三層,14,住宅大樓(11層含以上有電梯),住家用,鋼筋混凝土造,,151.11,3,2,2,有,無,11000000,83418,坡道平面,33.63,1200000,,RPOTMLMKLHGGFKD38CB
永康區,房地(土地+建物)+車位,臺南市永康區橋北段0039地號2V戶14樓,24.11,住,,,1091015,土地1建物1車位1,十四層,14,住宅大樓(11層含以上有電梯),住家用,鋼筋混凝土造,,151.11,3,2,2,有,無,10980000,83674,坡道平面,33.63,1150000,,RPPTMLMKLHGGFKD48CB
永康區,房地(土地+建物)+車位,臺南市永康區橋北段0039地號2W戶2樓,16.49,住,,,1090904,土地1建物1車位1,二層,14,住宅大樓(11層含以上有電梯),住家用,鋼筋混凝土造,,113.08,2,2,1,有,無,7350000,78037,坡道平面,33.63,1150000,,RPQTMLMKLHGGFKD58CB
永康區,房地(土地+建物)+車位,臺南市永康區橋北段0039地號2W戶3樓,16.49,住,,,1090904,土地1建物1車位1,三層,14,住宅大樓(11層含以上有電梯),住家用,鋼筋混凝土造,,113.08,2,2,1,有,無,7590000,80428,坡道平面,33.63,1200000,,RPRTMLMKLHGGFKD68CB
永康區,房地(土地+建物)+車位,臺南市永康區橋北段0039地號2W戶4樓,16.49,住,,,1090720,土地1建物1車位1,四層,14,住宅大樓(11層含以上有電梯),住家用,鋼筋混凝土造,,113.08,2,2,1,有,無,7160000,77533,坡道平面,33.63,1000000,,RPSTMLMKLHGGFKD78CB
永康區,房地(土地+建物)+車位,臺南市永康區橋北段0039地號2W戶5樓,16.49,住,,,1090827,土地1建物1車位1,五層,14,住宅大樓(11層含以上有電梯),住家用,鋼筋混凝土造,,113.08,2,2,1,有,無,7710000,81938,坡道平面,33.63,1200000,,RPTTMLMKLHGGFKD88CB
永康區,房地(土地+建物)+車位,臺南市永康區橋北段0039地號2W戶6樓,16.49,住,,,1090824,土地1建物1車位1,六層,14,住宅大樓(11層含以上有電梯),住家用,鋼筋混凝土造,,113.08,2,2,1,有,無,7640000,81687,坡道平面,33.63,1150000,,RPUTMLMKLHGGFKD98CB
永康區,房地(土地+建物)+車位,臺南市永康區橋北段0039地號2W戶7樓,16.49,住,,,1090821,土地1建物1車位1,七層,14,住宅大樓(11層含以上有電梯),住家用,鋼筋混凝土造,,113.08,2,2,1,有,無,7720000,82064,坡道平面,33.63,1200000,,RPVTMLMKLHGGFKD09CB
永康區,房地(土地+建物)+車位,臺南市永康區橋北段0039地號2W戶8樓,16.49,住,,,1090820,土地1建物1車位1,八層,14,住宅大樓(11層含以上有電梯),住家用,鋼筋混凝土造,,113.08,2,2,1,有,無,7640000,82316,坡道平面,33.63,1100000,,RPWTMLMKLHGGFKD56CB
永康區,房地(土地+建物)+車位,臺南市永康區橋北段0039地號2W戶9樓,16.49,住,,,1090814,土地1建物1車位1,九層,14,住宅大樓(11層含以上有電梯),住家用,鋼筋混凝土造,,113.08,2,2,1,有,無,7570000,82694,坡道平面,33.63,1000000,,RPXTMLMKLHGGFKD66CB
永康區,房地(土地+建物)+車位,臺南市永康區橋北段0039地號2W戶10樓,16.49,住,,,1090821,土地1建物1車位1,十層,14,住宅大樓(11層含以上有電梯),住家用,鋼筋混凝土造,,113.08,2,2,1,有,無,7790000,82945,坡道平面,33.63,1200000,,RPOUMLMKLHGGFKD48CB
永康區,房地(土地+建物)+車位,臺南市永康區橋北段0039地號2W戶11樓,16.49,住,,,1090828,土地1建物1車位1,十一層,14,住宅大樓(11層含以上有電梯),住家用,鋼筋混凝土造,,113.08,2,2,1,有,無,7760000,82568,坡道平面,33.63,1200000,,RPQUMLMKLHGGFKD68CB
永康區,房地(土地+建物)+車位,臺南市永康區橋北段0039地號2W戶12樓,16.49,住,,,1090904,土地1建物1車位1,十二層,14,住宅大樓(11層含以上有電梯),住家用,鋼筋混凝土造,,113.08,2,2,1,有,無,7680000,82819,坡道平面,33.63,1100000,,RPRUMLMKLHGGFKD78CB
永康區,房地(土地+建物)+車位,臺南市永康區橋北段0039地號2W戶13樓,16.49,住,,,1090901,土地1建物1車位1,十三層,14,住宅大樓(11層含以上有電梯),住家用,鋼筋混凝土造,,113.08,2,2,1,有,無,7810000,83197,坡道平面,33.63,1200000,,RPSUMLMKLHGGFKD88CB
永康區,房地(土地+建物)+車位,臺南市永康區橋北段0039地號2W戶14樓,16.49,住,,,1090901,土地1建物1車位1,十四層,14,住宅大樓(11層含以上有電梯),住家用,鋼筋混凝土造,,113.08,2,2,1,有,無,7660000,81938,坡道平面,33.63,1150000,,RPTUMLMKLHGGFKD98CB
永康區,房地(土地+建物)+車位,臺南市永康區橋北段0039地號2X戶2樓,23.74,住,,,1091102,土地1建物1車位1,二層,14,住宅大樓(11層含以上有電梯),住家用,鋼筋混凝土造,,149.21,3,2,2,有,無,9790000,74496,坡道平面,32.56,1100000,,RPUUMLMKLHGGFKD09CB
永康區,房地(土地+建物)+車位,臺南市永康區橋北段0039地號2X戶3樓,23.93,住,,,1091019,土地1建物1車位1,三層,14,住宅大樓(11層含以上有電梯),住家用,鋼筋混凝土造,,150.28,3,2,2,有,無,10220000,77754,坡道平面,33.63,1150000,,RPVUMLMKLHGGFKD56CB
永康區,房地(土地+建物)+車位,臺南市永康區橋北段0039地號2X戶4樓,23.93,住,,,1091015,土地1建物1車位1,四層,14,住宅大樓(11層含以上有電梯),住家用,鋼筋混凝土造,,150.28,3,2,2,有,無,10300000,77583,坡道平面,33.63,1250000,,RPWUMLMKLHGGFKD66CB
永康區,房地(土地+建物)+車位,臺南市永康區橋北段0039地號2X戶5樓,23.93,住,,,1091005,土地1建物1車位1,五層,14,住宅大樓(11層含以上有電梯),住家用,鋼筋混凝土造,,150.28,3,2,2,有,無,10450000,80154,坡道平面,33.63,1100000,,RPXUMLMKLHGGFKD76CB
永康區,房地(土地+建物)+車位,臺南市永康區橋北段0039地號2X戶6樓,23.93,住,,,1090930,土地1建物1車位1,六層,14,住宅大樓(11層含以上有電梯),住家用,鋼筋混凝土造,,150.28,3,2,2,有,無,10520000,80754,坡道平面,33.63,1100000,,RPOVMLMKLHGGFKD58CB
永康區,房地(土地+建物)+車位,臺南市永康區橋北段0039地號2X戶7樓,23.93,住,,,1090816,土地1建物1車位1,七層,14,住宅大樓(11層含以上有電梯),住家用,鋼筋混凝土造,,150.28,3,2,2,有,無,10520000,79897,坡道平面,33.63,1200000,,RPPVMLMKLHGGFKD68CB
永康區,房地(土地+建物)+車位,臺南市永康區橋北段0039地號2X戶8樓,23.93,住,,,1091016,土地1建物1車位1,八層,14,住宅大樓(11層含以上有電梯),住家用,鋼筋混凝土造,,150.28,3,2,2,有,無,10850000,82297,坡道平面,33.63,1250000,,RPQVMLMKLHGGFKD78CB
永康區,房地(土地+建物)+車位,臺南市永康區橋北段0039地號2X戶9樓,23.93,住,,,1091010,土地1建物1車位1,九層,14,住宅大樓(11層含以上有電梯),住家用,鋼筋混凝土造,,150.28,3,2,2,有,無,10740000,82640,坡道平面,33.63,1100000,,RPRVMLMKLHGGFKD88CB
永康區,房地(土地+建物)+車位,臺南市永康區橋北段0039地號2X戶10樓,23.93,住,,,1090921,土地1建物1車位1,十層,14,住宅大樓(11層含以上有電梯),住家用,鋼筋混凝土造,,150.28,3,2,2,有,無,10760000,81955,坡道平面,33.63,1200000,,RPSVMLMKLHGGFKD98CB
永康區,房地(土地+建物)+車位,臺南市永康區橋北段0039地號2X戶11樓,23.93,住,,,1090816,土地1建物1車位1,十一層,14,住宅大樓(11層含以上有電梯),住家用,鋼筋混凝土造,,150.28,3,2,2,有,無,10520000,79897,坡道平面,33.63,1200000,,RPTVMLMKLHGGFKD09CB
永康區,房地(土地+建物)+車位,臺南市永康區橋北段0039地號2X戶12樓,23.93,住,,,1091009,土地1建物1車位1,十二層,14,住宅大樓(11層含以上有電梯),住家用,鋼筋混凝土造,,150.28,3,2,2,有,無,10640000,81354,坡道平面,33.63,1150000,,RPUVMLMKLHGGFKD56CB
永康區,房地(土地+建物)+車位,臺南市永康區橋北段0039地號2X戶13樓,23.93,住,,,1091008,土地1建物1車位1,十三層,14,住宅大樓(11層含以上有電梯),住家用,鋼筋混凝土造,,150.28,3,2,2,有,無,10790000,82640,坡道平面,33.63,1150000,,RPVVMLMKLHGGFKD66CB
永康區,房地(土地+建物)+車位,臺南市永康區橋北段0039地號2X戶14樓,23.93,住,,,1091014,土地1建物1車位1,十四層,14,住宅大樓(11層含以上有電梯),住家用,鋼筋混凝土造,,150.28,3,2,2,有,無,10700000,81440,坡道平面,33.63,1200000,,RPWVMLMKLHGGFKD76CB
永康區,房地(土地+建物)+車位,臺南市永康區橋北段0039地號3A戶2樓,24.65,住,,,1091016,土地1建物1車位1,二層,14,住宅大樓(11層含以上有電梯),住家用,鋼筋混凝土造,,154.23,3,2,2,有,無,10470000,76451,坡道平面,33.63,1250000,,RPRNMLPKLHGGFKD38CB
永康區,房地(土地+建物)+車位,臺南市永康區橋北段0039地號3A戶3樓,24.65,住,,,1090710,土地1建物1車位1,三層,14,住宅大樓(11層含以上有電梯),住家用,鋼筋混凝土造,,154.23,3,2,2,有,無,10090000,74959,坡道平面,33.63,1050000,,RPSNMLPKLHGGFKD48CB
永康區,房地(土地+建物)+車位,臺南市永康區橋北段0039地號3A戶4樓,24.65,住,,,1090912,土地1建物1車位1,四層,14,住宅大樓(11層含以上有電梯),住家用,鋼筋混凝土造,,154.23,3,2,2,有,無,10560000,76783,坡道平面,33.63,1300000,,RPUNMLPKLHGGFKD68CB
永康區,房地(土地+建物)+車位,臺南市永康區橋北段0039地號3A戶5樓,24.65,住,,,1090915,土地1建物1車位1,五層,14,住宅大樓(11層含以上有電梯),住家用,鋼筋混凝土造,,154.23,3,2,2,有,無,10730000,79436,坡道平面,33.63,1150000,,RPVNMLPKLHGGFKD78CB
永康區,房地(土地+建物)+車位,臺南市永康區橋北段0039地號3A戶6樓,24.65,住,,,1090918,土地1建物1車位1,六層,14,住宅大樓(11層含以上有電梯),住家用,鋼筋混凝土造,,154.23,3,2,2,有,無,10770000,79768,坡道平面,33.63,1150000,,RPWNMLPKLHGGFKD88CB
永康區,房地(土地+建物)+車位,臺南市永康區橋北段0039地號3A戶7樓,24.65,住,,,1090921,土地1建物1車位1,七層,14,住宅大樓(11層含以上有電梯),住家用,鋼筋混凝土造,,154.23,3,2,2,有,無,10810000,80100,坡道平面,33.63,1150000,,RPXNMLPKLHGGFKD98CB
永康區,房地(土地+建物)+車位,臺南市永康區橋北段0039地號3A戶8樓,24.65,住,,,1091001,土地1建物1車位1,八層,14,住宅大樓(11層含以上有電梯),住家用,鋼筋混凝土造,,154.23,3,2,2,有,無,10840000,80348,坡道平面,33.63,1150000,,RPPOMLPKLHGGFKD28CB
永康區,房地(土地+建物)+車位,臺南市永康區橋北段0039地號3A戶9樓,24.65,住,,,1090928,土地1建物1車位1,九層,14,住宅大樓(11層含以上有電梯),住家用,鋼筋混凝土造,,154.23,3,2,2,有,無,11030000,80680,坡道平面,33.63,1300000,,RPROMLPKLHGGFKD48CB
永康區,房地(土地+建物)+車位,臺南市永康區橋北段0039地號3A戶10樓,24.65,住,,,1090930,土地1建物1車位1,十層,14,住宅大樓(11層含以上有電梯),住家用,鋼筋混凝土造,,154.23,3,2,2,有,無,10970000,81012,坡道平面,33.63,1200000,,RPSOMLPKLHGGFKD58CB
永康區,房地(土地+建物)+車位,臺南市永康區橋北段0039地號3A戶11樓,24.65,住,,,1091007,土地1建物1車位1,十一層,14,住宅大樓(11層含以上有電梯),住家用,鋼筋混凝土造,,154.23,3,2,2,有,無,10860000,80100,坡道平面,33.63,1200000,,RPTOMLPKLHGGFKD68CB
永康區,房地(土地+建物)+車位,臺南市永康區橋北段0039地號3A戶12樓,24.65,住,,,1090904,土地1建物1車位1,十二層,14,住宅大樓(11層含以上有電梯),住家用,鋼筋混凝土造,,154.23,3,2,2,有,無,10670000,79768,坡道平面,33.63,1050000,,RPUOMLPKLHGGFKD78CB
永康區,房地(土地+建物)+車位,臺南市永康區橋北段0039地號3A戶13樓,24.65,住,,,1091002,土地1建物1車位1,十三層,14,住宅大樓(11層含以上有電梯),住家用,鋼筋混凝土造,,154.23,3,2,2,有,無,10980000,80680,坡道平面,33.63,1250000,,RPWOMLPKLHGGFKD98CB
永康區,房地(土地+建物)+車位,臺南市永康區橋北段0039地號3A戶14樓,24.65,住,,,1091020,土地1建物1車位1,十四層,14,住宅大樓(11層含以上有電梯),住家用,鋼筋混凝土造,,154.23,3,2,2,有,無,10990000,80348,坡道平面,33.63,1300000,,RPXOMLPKLHGGFKD09CB
永康區,房地(土地+建物)+車位,臺南市永康區橋北段0039地號3B戶2樓,20.3,住,,,1090921,土地1建物1車位1,二層,14,住宅大樓(11層含以上有電梯),住家用,鋼筋混凝土造,,131.94,3,2,2,有,無,8430000,74560,坡道平面,33.63,1100000,,RPOPMLPKLHGGFKD28CB
永康區,房地(土地+建物)+車位,臺南市永康區橋北段0039地號3B戶3樓,20.3,住,,,1090706,土地1建物1車位1,三層,14,住宅大樓(11層含以上有電梯),住家用,鋼筋混凝土造,,131.94,3,2,2,有,無,8160000,73848,坡道平面,33.63,900000,,RPPPMLPKLHGGFKD38CB
永康區,房地(土地+建物)+車位,臺南市永康區橋北段0039地號3B戶4樓,20.3,住,,,1090922,土地1建物1車位1,四層,14,住宅大樓(11層含以上有電梯),住家用,鋼筋混凝土造,,131.94,3,2,2,有,無,8600000,76289,坡道平面,33.63,1100000,,RPQPMLPKLHGGFKD48CB
永康區,房地(土地+建物)+車位,臺南市永康區橋北段0039地號3B戶5樓,20.3,住,,,1090826,土地1建物1車位1,五層,14,住宅大樓(11層含以上有電梯),住家用,鋼筋混凝土造,,131.94,3,2,2,有,無,8750000,77815,坡道平面,33.63,1100000,,RPRPMLPKLHGGFKD58CB
永康區,房地(土地+建物)+車位,臺南市永康區橋北段0039地號3B戶6樓,20.3,住,,,1090909,土地1建物1車位1,六層,14,住宅大樓(11層含以上有電梯),住家用,鋼筋混凝土造,,131.94,3,2,2,有,無,8830000,78120,坡道平面,33.63,1150000,,RPSPMLPKLHGGFKD68CB
永康區,房地(土地+建物)+車位,臺南市永康區橋北段0039地號3B戶7樓,20.3,住,,,1090912,土地1建物1車位1,七層,14,住宅大樓(11層含以上有電梯),住家用,鋼筋混凝土造,,131.94,3,2,2,有,無,8760000,78425,坡道平面,33.63,1050000,,RPUPMLPKLHGGFKD88CB
永康區,房地(土地+建物)+車位,臺南市永康區橋北段0039地號3B戶8樓,20.3,住,,,1090920,土地1建物1車位1,八層,14,住宅大樓(11層含以上有電梯),住家用,鋼筋混凝土造,,131.94,3,2,2,有,無,8850000,79341,坡道平面,33.63,1050000,,RPVPMLPKLHGGFKD98CB
永康區,房地(土地+建物)+車位,臺南市永康區橋北段0039地號3B戶9樓,20.3,住,,,1090921,土地1建物1車位1,九層,14,住宅大樓(11層含以上有電梯),住家用,鋼筋混凝土造,,131.94,3,2,2,有,無,8880000,79646,坡道平面,33.63,1050000,,RPWPMLPKLHGGFKD09CB
永康區,房地(土地+建物)+車位,臺南市永康區橋北段0039地號3B戶10樓,20.3,住,,,1090928,土地1建物1車位1,十層,14,住宅大樓(11層含以上有電梯),住家用,鋼筋混凝土造,,131.94,3,2,2,有,無,9010000,79951,坡道平面,33.63,1150000,,RPXPMLPKLHGGFKD56CB
永康區,房地(土地+建物)+車位,臺南市永康區橋北段0039地號3B戶11樓,20.3,住,,,1091003,土地1建物1車位1,十一層,14,住宅大樓(11層含以上有電梯),住家用,鋼筋混凝土造,,131.94,3,2,2,有,無,8920000,79036,坡道平面,33.63,1150000,,RPOQMLPKLHGGFKD38CB
永康區,房地(土地+建物)+車位,臺南市永康區橋北段0039地號3B戶12樓,20.12,住,,,1091006,土地1建物1車位1,十二層,14,住宅大樓(11層含以上有電梯),住家用,鋼筋混凝土造,,130.87,3,2,2,有,無,8900000,79341,坡道平面,32.56,1100000,,RPPQMLPKLHGGFKD48CB
永康區,房地(土地+建物)+車位,臺南市永康區橋北段0039地號3B戶13樓,20.3,住,,,1091004,土地1建物1車位1,十三層,14,住宅大樓(11層含以上有電梯),住家用,鋼筋混凝土造,,131.94,3,2,2,有,無,9020000,80561,坡道平面,33.63,1100000,,RPQQMLPKLHGGFKD58CB
永康區,房地(土地+建物)+車位,臺南市永康區橋北段0039地號3B戶14樓,20.3,住,,,1091013,土地1建物1車位1,十四層,14,住宅大樓(11層含以上有電梯),住家用,鋼筋混凝土造,,131.94,3,2,2,有,無,8950000,79341,坡道平面,33.63,1150000,,RPRQMLPKLHGGFKD68CB
永康區,房地(土地+建物)+車位,臺南市永康區橋北段0039地號3C戶2樓,20.12,住,,,1090825,土地1建物1車位1,二層,14,住宅大樓(11層含以上有電梯),住家用,鋼筋混凝土造,,130.87,3,2,2,有,無,8210000,73339,坡道平面,32.56,1000000,,RPTQMLPKLHGGFKD88CB
永康區,房地(土地+建物)+車位,臺南市永康區橋北段0039地號3C戶3樓,20.3,住,,,1090706,土地1建物1車位1,三層,14,住宅大樓(11層含以上有電梯),住家用,鋼筋混凝土造,,131.94,3,2,2,有,無,8210000,73848,坡道平面,33.63,950000,,RPUQMLPKLHGGFKD98CB
永康區,房地(土地+建物)+車位,臺南市永康區橋北段0039地號3C戶4樓,20.3,住,,,1090722,土地1建物1車位1,四層,14,住宅大樓(11層含以上有電梯),住家用,鋼筋混凝土造,,131.94,3,2,2,有,無,8250000,73238,坡道平面,33.63,1050000,,RPVQMLPKLHGGFKD09CB
永康區,房地(土地+建物)+車位,臺南市永康區橋北段0039地號3C戶5樓,20.3,住,,,1090827,土地1建物1車位1,五層,14,住宅大樓(11層含以上有電梯),住家用,鋼筋混凝土造,,131.94,3,2,2,有,無,8800000,77815,坡道平面,33.63,1150000,,RPWQMLPKLHGGFKD56CB
永康區,房地(土地+建物)+車位,臺南市永康區橋北段0039地號3C戶6樓,20.3,住,,,1090909,土地1建物1車位1,六層,14,住宅大樓(11層含以上有電梯),住家用,鋼筋混凝土造,,131.94,3,2,2,有,無,8880000,78120,坡道平面,33.63,1200000,,RPXQMLPKLHGGFKD66CB
永康區,房地(土地+建物)+車位,臺南市永康區橋北段0039地號3C戶7樓,21.39,住,,,1090814,土地1建物1車位2,七層,14,住宅大樓(11層含以上有電梯),住家用,鋼筋混凝土造,,165.57,3,2,2,有,無,9800000,77815,坡道平面,67.26,2150000,,RPORMLPKLHGGFKD48CB
永康區,房地(土地+建物)+車位,臺南市永康區橋北段0039地號3C戶8樓,20.3,住,,,1090909,土地1建物1車位1,八層,14,住宅大樓(11層含以上有電梯),住家用,鋼筋混凝土造,,131.94,3,2,2,有,無,8890000,78731,坡道平面,33.63,1150000,,RPPRMLPKLHGGFKD58CB
永康區,房地(土地+建物)+車位,臺南市永康區橋北段0039地號3C戶9樓,20.3,住,,,1090909,土地1建物1車位1,九層,14,住宅大樓(11層含以上有電梯),住家用,鋼筋混凝土造,,131.94,3,2,2,有,無,8970000,79036,坡道平面,33.63,1200000,,RPQRMLPKLHGGFKD68CB
永康區,房地(土地+建物)+車位,臺南市永康區橋北段0039地號3C戶10樓,20.3,住,,,1090929,土地1建物1車位1,十層,14,住宅大樓(11層含以上有電梯),住家用,鋼筋混凝土造,,131.94,3,2,2,有,無,8910000,79951,坡道平面,33.63,1050000,,RPRRMLPKLHGGFKD78CB
永康區,房地(土地+建物)+車位,臺南市永康區橋北段0039地號3C戶11樓,20.3,住,,,1091002,土地1建物1車位1,十一層,14,住宅大樓(11層含以上有電梯),住家用,鋼筋混凝土造,,131.94,3,2,2,有,無,8920000,79036,坡道平面,33.63,1150000,,RPSRMLPKLHGGFKD88CB
永康區,房地(土地+建物)+車位,臺南市永康區橋北段0039地號3C戶12樓,20.3,住,,,1091009,土地1建物1車位1,十二層,14,住宅大樓(11層含以上有電梯),住家用,鋼筋混凝土造,,131.94,3,2,2,有,無,8900000,79341,坡道平面,33.63,1100000,,RPTRMLPKLHGGFKD98CB
永康區,房地(土地+建物)+車位,臺南市永康區橋北段0039地號3C戶13樓,20.3,住,,,1091003,土地1建物1車位1,十三層,14,住宅大樓(11層含以上有電梯),住家用,鋼筋混凝土造,,131.94,3,2,2,有,無,9080000,79646,坡道平面,33.63,1250000,,RPURMLPKLHGGFKD09CB
永康區,房地(土地+建物)+車位,臺南市永康區橋北段0039地號3C戶14樓,20.3,住,,,1091006,土地1建物1車位1,十四層,14,住宅大樓(11層含以上有電梯),住家用,鋼筋混凝土造,,131.94,3,2,2,有,無,8760000,78425,坡道平面,33.63,1050000,,RPVRMLPKLHGGFKD56CB
永康區,房地(土地+建物)+車位,臺南市永康區橋北段0039地號3D戶2樓,24.65,住,,,1091101,土地1建物1車位1,二層,14,住宅大樓(11層含以上有電梯),住家用,鋼筋混凝土造,,154.23,3,2,2,有,無,10290000,74959,坡道平面,33.63,1250000,,RPXRMLPKLHGGFKD76CB
永康區,房地(土地+建物)+車位,臺南市永康區橋北段0039地號3D戶3樓,24.47,住,,,1091006,土地1建物1車位1,三層,14,住宅大樓(11層含以上有電梯),住家用,鋼筋混凝土造,,153.16,3,2,2,有,無,10370000,76451,坡道平面,32.56,1150000,,RPOSMLPKLHGGFKD58CB
永康區,房地(土地+建物)+車位,臺南市永康區橋北段0039地號3D戶4樓,24.65,住,,,1091005,土地1建物1車位1,四層,14,住宅大樓(11層含以上有電梯),住家用,鋼筋混凝土造,,154.23,3,2,2,有,無,10400000,75871,坡道平面,33.63,1250000,,RPPSMLPKLHGGFKD68CB
永康區,房地(土地+建物)+車位,臺南市永康區橋北段0039地號3D戶5樓,24.65,住,,,1090925,土地1建物1車位1,五層,14,住宅大樓(11層含以上有電梯),住家用,鋼筋混凝土造,,154.23,3,2,2,有,無,10500000,77944,坡道平面,33.63,1100000,,RPQSMLPKLHGGFKD78CB
永康區,房地(土地+建物)+車位,臺南市永康區橋北段0039地號3D戶6樓,24.65,住,,,1090930,土地1建物1車位1,六層,14,住宅大樓(11層含以上有電梯),住家用,鋼筋混凝土造,,154.23,3,2,2,有,無,10590000,78275,坡道平面,33.63,1150000,,RPRSMLPKLHGGFKD88CB
永康區,房地(土地+建物)+車位,臺南市永康區橋北段0039地號3D戶7樓,24.65,住,,,1090803,土地1建物1車位1,七層,14,住宅大樓(11層含以上有電梯),住家用,鋼筋混凝土造,,154.23,3,2,2,有,無,10230000,76119,坡道平面,33.63,1050000,,RPWSMLPKLHGGFKD76CB
永康區,房地(土地+建物)+車位,臺南市永康區橋北段0039地號3D戶8樓,24.65,住,,,1090915,土地1建物1車位1,八層,14,住宅大樓(11層含以上有電梯),住家用,鋼筋混凝土造,,154.23,3,2,2,有,無,10660000,78856,坡道平面,33.63,1150000,,RPXSMLPKLHGGFKD86CB
永康區,房地(土地+建物)+車位,臺南市永康區橋北段0039地號3D戶9樓,24.65,住,,,1090922,土地1建物1車位1,九層,14,住宅大樓(11層含以上有電梯),住家用,鋼筋混凝土造,,154.23,3,2,2,有,無,10750000,79187,坡道平面,33.63,1200000,,RPOTMLPKLHGGFKD68CB
永康區,房地(土地+建物)+車位,臺南市永康區橋北段0039地號3D戶10樓,24.65,住,,,1090930,土地1建物1車位1,十層,14,住宅大樓(11層含以上有電梯),住家用,鋼筋混凝土造,,154.23,3,2,2,有,無,10680000,79436,坡道平面,33.63,1100000,,RPPTMLPKLHGGFKD78CB
永康區,房地(土地+建物)+車位,臺南市永康區橋北段0039地號3D戶11樓,24.65,住,,,1090930,土地1建物1車位1,十一層,14,住宅大樓(11層含以上有電梯),住家用,鋼筋混凝土造,,154.23,3,2,2,有,無,10620000,78524,坡道平面,33.63,1150000,,RPQTMLPKLHGGFKD88CB
永康區,房地(土地+建物)+車位,臺南市永康區橋北段0039地號3D戶12樓,24.65,住,,,1091001,土地1建物1車位1,十二層,14,住宅大樓(11層含以上有電梯),住家用,鋼筋混凝土造,,154.23,3,2,2,有,無,10660000,78856,坡道平面,33.63,1150000,,RPRTMLPKLHGGFKD98CB
永康區,房地(土地+建物)+車位,臺南市永康區橋北段0039地號3D戶13樓,24.65,住,,,1091002,土地1建物1車位1,十三層,14,住宅大樓(11層含以上有電梯),住家用,鋼筋混凝土造,,154.23,3,2,2,有,無,10700000,79187,坡道平面,33.63,1150000,,RPSTMLPKLHGGFKD09CB
永康區,房地(土地+建物)+車位,臺南市永康區橋北段0039地號3D戶14樓,24.65,住,,,1091021,土地1建物1車位1,十四層,14,住宅大樓(11層含以上有電梯),住家用,鋼筋混凝土造,,154.23,3,2,2,有,無,10810000,78856,坡道平面,33.63,1300000,,RPTTMLPKLHGGFKD56CB
永康區,房地(土地+建物)+車位,臺南市永康區橋北段0039地號3E戶1樓,24.65,住,,,1090915,土地1建物1車位1,一層,14,住宅大樓(11層含以上有電梯),住家用,鋼筋混凝土造,,154.23,3,2,2,有,無,9990000,73300,坡道平面,33.63,1150000,,RPUTMLPKLHGGFKD66CB
永康區,房地(土地+建物)+車位,臺南市永康區橋北段0039地號3E戶2樓,24.47,住,,,1090911,土地1建物1車位1,二層,14,住宅大樓(11層含以上有電梯),住家用,鋼筋混凝土造,,153.16,3,2,2,有,無,9150000,66750,坡道平面,32.56,1100000,,RPVTMLPKLHGGFKD76CB
永康區,房地(土地+建物)+車位,臺南市永康區橋北段0039地號3E戶3樓,24.65,住,,,1090716,土地1建物1車位1,三層,14,住宅大樓(11層含以上有電梯),住家用,鋼筋混凝土造,,154.23,3,2,2,有,無,9110000,66833,坡道平面,33.63,1050000,,RPWTMLPKLHGGFKD86CB
永康區,房地(土地+建物)+車位,臺南市永康區橋北段0039地號3E戶4樓,24.65,住,,,1090708,土地1建物1車位1,四層,14,住宅大樓(11層含以上有電梯),住家用,鋼筋混凝土造,,154.23,3,2,2,有,無,9180000,66169,坡道平面,33.63,1200000,,RPXTMLPKLHGGFKD96CB
永康區,房地(土地+建物)+車位,臺南市永康區橋北段0039地號3E戶5樓,24.65,住,,,1090730,土地1建物1車位1,五層,14,住宅大樓(11層含以上有電梯),住家用,鋼筋混凝土造,,154.23,3,2,2,有,無,9360000,68905,坡道平面,33.63,1050000,,RPOUMLPKLHGGFKD78CB
永康區,房地(土地+建物)+車位,臺南市永康區橋北段0039地號3E戶6樓,24.47,住,,,1090723,土地1建物1車位1,六層,14,住宅大樓(11層含以上有電梯),住家用,鋼筋混凝土造,,153.16,3,2,2,有,無,9330000,68657,坡道平面,32.56,1050000,,RPPUMLPKLHGGFKD88CB
永康區,房地(土地+建物)+車位,臺南市永康區橋北段0039地號3E戶7樓,24.65,住,,,1090707,土地1建物1車位1,七層,14,住宅大樓(11層含以上有電梯),住家用,鋼筋混凝土造,,154.23,3,2,2,有,無,9410000,68905,坡道平面,33.63,1100000,,RPQUMLPKLHGGFKD98CB
永康區,房地(土地+建物)+車位,臺南市永康區橋北段0039地號3E戶8樓,25.56,住,,,1090908,土地1建物1車位2,八層,14,住宅大樓(11層含以上有電梯),住家用,鋼筋混凝土造,,186.79,3,2,2,有,無,10740000,71642,坡道平面,66.19,2100000,,RPRUMLPKLHGGFKD09CB
永康區,房地(土地+建物)+車位,臺南市永康區橋北段0039地號3E戶9樓,25.74,住,,,1090909,土地1建物1車位2,九層,14,住宅大樓(11層含以上有電梯),住家用,鋼筋混凝土造,,187.86,3,2,2,有,無,10980000,71973,坡道平面,67.26,2300000,,RPSUMLPKLHGGFKD56CB
永康區,房地(土地+建物)+車位,臺南市永康區橋北段0039地號3E戶10樓,25.74,住,,,1090710,土地1建物1車位2,十層,14,住宅大樓(11層含以上有電梯),住家用,鋼筋混凝土造,,187.86,3,2,2,有,無,10570000,69818,坡道平面,67.26,2150000,,RPUUMLPKLHGGFKD76CB
永康區,房地(土地+建物)+車位,臺南市永康區橋北段0039地號3E戶11樓,24.65,住,,,1090708,土地1建物1車位1,十一層,14,住宅大樓(11層含以上有電梯),住家用,鋼筋混凝土造,,154.23,3,2,2,有,無,9260000,68905,坡道平面,33.63,950000,,RPXUMLPKLHGGFKD07CB
永康區,房地(土地+建物)+車位,臺南市永康區橋北段0039地號3E戶12樓,24.65,住,,,1090706,土地1建物1車位1,十二層,14,住宅大樓(11層含以上有電梯),住家用,鋼筋混凝土造,,154.23,3,2,2,有,無,9400000,69237,坡道平面,33.63,1050000,,RPQVMLPKLHGGFKD09CB
永康區,房地(土地+建物)+車位,臺南市永康區橋北段0039地號3E戶13樓,24.65,住,,,1090706,土地1建物1車位1,十三層,14,住宅大樓(11層含以上有電梯),住家用,鋼筋混凝土造,,154.23,3,2,2,有,無,9440000,69569,坡道平面,33.63,1050000,,RPRVMLPKLHGGFKD56CB
永康區,房地(土地+建物)+車位,臺南市永康區橋北段0039地號3E戶14樓,24.65,住,,,1090721,土地1建物1車位1,十四層,14,住宅大樓(11層含以上有電梯),住家用,鋼筋混凝土造,,154.23,3,2,2,有,無,9240000,68325,坡道平面,33.63,1000000,,RPSVMLPKLHGGFKD66CB
永康區,房地(土地+建物)+車位,臺南市永康區橋北段0039地號3F戶1樓,20.3,住,,,1090814,土地1建物1車位1,一層,14,住宅大樓(11層含以上有電梯),住家用,鋼筋混凝土造,,131.99,3,2,2,有,無,8300000,73200,坡道平面,33.63,1100000,,RPTVMLPKLHGGFKD76CB
永康區,房地(土地+建物)+車位,臺南市永康區橋北段0039地號3F戶2樓,20.3,住,,,1090806,土地1建物1車位1,二層,14,住宅大樓(11層含以上有電梯),住家用,鋼筋混凝土造,,131.99,3,2,2,有,無,7610000,66694,坡道平面,33.63,1050000,,RPUVMLPKLHGGFKD86CB
永康區,房地(土地+建物)+車位,臺南市永康區橋北段0039地號3F戶3樓,20.3,住,,,1090728,土地1建物1車位1,三層,14,住宅大樓(11層含以上有電梯),住家用,鋼筋混凝土造,,131.99,3,2,2,有,無,7730000,67914,坡道平面,33.63,1050000,,RPVVMLPKLHGGFKD96CB
永康區,房地(土地+建物)+車位,臺南市永康區橋北段0039地號3F戶4樓,20.3,住,,,1090720,土地1建物1車位1,四層,14,住宅大樓(11層含以上有電梯),住家用,鋼筋混凝土造,,131.99,3,2,2,有,無,7510000,66694,坡道平面,33.63,950000,,RPXVMLPKLHGGFKD17CB
永康區,房地(土地+建物)+車位,臺南市永康區橋北段0039地號3F戶5樓,20.3,住,,,1090801,土地1建物1車位1,五層,14,住宅大樓(11層含以上有電梯),住家用,鋼筋混凝土造,,131.99,3,2,2,有,無,8080000,69439,坡道平面,33.63,1250000,,RPOWMLPKLHGGFKD98CB
永康區,房地(土地+建物)+車位,臺南市永康區橋北段0039地號3F戶6樓,20.3,住,,,1090722,土地1建物1車位1,六層,14,住宅大樓(11層含以上有電梯),住家用,鋼筋混凝土造,,131.99,3,2,2,有,無,7950000,69134,坡道平面,33.63,1150000,,RPPWMLPKLHGGFKD09CB
永康區,房地(土地+建物)+車位,臺南市永康區橋北段0039地號3F戶7樓,20.3,住,,,1090721,土地1建物1車位1,七層,14,住宅大樓(11層含以上有電梯),住家用,鋼筋混凝土造,,131.99,3,2,2,有,無,7980000,69439,坡道平面,33.63,1150000,,RPQWMLPKLHGGFKD56CB
永康區,房地(土地+建物)+車位,臺南市永康區橋北段0039地號3F戶8樓,20.3,住,,,1090714,土地1建物1車位1,八層,14,住宅大樓(11層含以上有電梯),住家用,鋼筋混凝土造,,131.99,3,2,2,有,無,8000000,69642,坡道平面,33.63,1150000,,RPRWMLPKLHGGFKD66CB
永康區,房地(土地+建物)+車位,臺南市永康區橋北段0039地號3F戶9樓,20.3,住,,,1090708,土地1建物1車位1,九層,14,住宅大樓(11層含以上有電梯),住家用,鋼筋混凝土造,,131.99,3,2,2,有,無,8080000,69947,坡道平面,33.63,1200000,,RPSWMLPKLHGGFKD76CB
永康區,房地(土地+建物)+車位,臺南市永康區橋北段0039地號3F戶10樓,20.3,住,,,1090717,土地1建物1車位1,十層,14,住宅大樓(11層含以上有電梯),住家用,鋼筋混凝土造,,131.99,3,2,2,有,無,7960000,70252,坡道平面,33.63,1050000,,RPTWMLPKLHGGFKD86CB
永康區,房地(土地+建物)+車位,臺南市永康區橋北段0039地號3F戶11樓,20.3,住,,,1090722,土地1建物1車位1,十一層,14,住宅大樓(11層含以上有電梯),住家用,鋼筋混凝土造,,131.99,3,2,2,有,無,7880000,69439,坡道平面,33.63,1050000,,RPUWMLPKLHGGFKD96CB
永康區,房地(土地+建物)+車位,臺南市永康區橋北段0039地號3F戶12樓,20.3,住,,,1090721,土地1建物1車位1,十二層,14,住宅大樓(11層含以上有電梯),住家用,鋼筋混凝土造,,131.99,3,2,2,有,無,7900000,69642,坡道平面,33.63,1050000,,RPVWMLPKLHGGFKD07CB
永康區,房地(土地+建物)+車位,臺南市永康區橋北段0039地號3F戶13樓,20.3,住,,,1090721,土地1建物1車位1,十三層,14,住宅大樓(11層含以上有電梯),住家用,鋼筋混凝土造,,131.99,3,2,2,有,無,7880000,69947,坡道平面,33.63,1000000,,RPWWMLPKLHGGFKD17CB
永康區,房地(土地+建物)+車位,臺南市永康區橋北段0039地號3F戶14樓,20.3,住,,,1090723,土地1建物1車位1,十四層,14,住宅大樓(11層含以上有電梯),住家用,鋼筋混凝土造,,131.99,3,2,2,有,無,7820000,68829,坡道平面,33.63,1050000,,RPXWMLPKLHGGFKD27CB
永康區,房地(土地+建物)+車位,臺南市永康區橋北段0039地號3G戶1樓,20.3,住,,,1090917,土地1建物1車位1,一層,14,住宅大樓(11層含以上有電梯),住家用,鋼筋混凝土造,,131.99,3,2,2,有,無,8730000,75539,坡道平面,33.63,1300000,,RPONNLPKLHGGFKD18CB
永康區,房地(土地+建物)+車位,臺南市永康區橋北段0039地號3G戶2樓,20.3,住,,,1090730,土地1建物1車位1,二層,14,住宅大樓(11層含以上有電梯),住家用,鋼筋混凝土造,,131.99,3,2,2,有,無,7490000,65474,坡道平面,33.63,1050000,,RPPNNLPKLHGGFKD28CB
永康區,房地(土地+建物)+車位,臺南市永康區橋北段0039地號3G戶3樓,20.3,住,,,1090806,土地1建物1車位1,三層,14,住宅大樓(11層含以上有電梯),住家用,鋼筋混凝土造,,131.99,3,2,2,有,無,7950000,69134,坡道平面,33.63,1150000,,RPQNNLPKLHGGFKD38CB
永康區,房地(土地+建物)+車位,臺南市永康區橋北段0039地號3G戶4樓,20.12,住,,,1090720,土地1建物1車位1,四層,14,住宅大樓(11層含以上有電梯),住家用,鋼筋混凝土造,,130.92,3,2,2,有,無,7560000,66694,坡道平面,32.56,1000000,,RPRNNLPKLHGGFKD48CB
永康區,房地(土地+建物)+車位,臺南市永康區橋北段0039地號3G戶5樓,20.3,住,,,1090803,土地1建物1車位1,五層,14,住宅大樓(11層含以上有電梯),住家用,鋼筋混凝土造,,131.99,3,2,2,有,無,8150000,70659,坡道平面,33.63,1200000,,RPTNNLPKLHGGFKD68CB
永康區,房地(土地+建物)+車位,臺南市永康區橋北段0039地號3G戶6樓,20.3,住,,,1090722,土地1建物1車位1,六層,14,住宅大樓(11層含以上有電梯),住家用,鋼筋混凝土造,,131.99,3,2,2,有,無,7950000,69134,坡道平面,33.63,1150000,,RPUNNLPKLHGGFKD78CB
永康區,房地(土地+建物)+車位,臺南市永康區橋北段0039地號3G戶7樓,20.3,住,,,1090731,土地1建物1車位1,七層,14,住宅大樓(11層含以上有電梯),住家用,鋼筋混凝土造,,131.99,3,2,2,有,無,8090000,70049,坡道平面,33.63,1200000,,RPVNNLPKLHGGFKD88CB
永康區,房地(土地+建物)+車位,臺南市永康區橋北段0039地號3G戶8樓,20.3,住,,,1090717,土地1建物1車位1,八層,14,住宅大樓(11層含以上有電梯),住家用,鋼筋混凝土造,,131.99,3,2,2,有,無,8100000,69642,坡道平面,33.63,1250000,,RPWNNLPKLHGGFKD98CB
永康區,房地(土地+建物)+車位,臺南市永康區橋北段0039地號3G戶9樓,20.3,住,,,1090731,土地1建物1車位1,九層,14,住宅大樓(11層含以上有電梯),住家用,鋼筋混凝土造,,131.99,3,2,2,有,無,7990000,70557,坡道平面,33.63,1050000,,RPXNNLPKLHGGFKD09CB
安南區,房地(土地+建物)+車位,臺南市安南區培安路305巷旁 B5-10,12.6,住,,,1090517,土地1建物1車位1,十層,15,住宅大樓(11層含以上有電梯),住家用,鋼筋混凝土造,,102.84,2,2,1,有,無,4580000,47881,坡道平面,30.16,1100000,,RPTOMLPKLHGGFBD77CB
安南區,房地(土地+建物)+車位,臺南市安南區培安路305巷旁 B5-12,12.6,住,,,1090510,土地1建物1車位1,十二層,15,住宅大樓(11層含以上有電梯),住家用,鋼筋混凝土造,,102.84,2,2,1,有,無,4600000,48156,坡道平面,30.16,1100000,,RPUOMLPKLHGGFBD87CB
安南區,房地(土地+建物)+車位,臺南市安南區培安路305巷旁 B6-02,21.65,住,,,1091128,土地1建物1車位1,二層,15,住宅大樓(11層含以上有電梯),住家用,鋼筋混凝土造,,157.84,3,2,2,有,無,7280000,47619,坡道平面,30.16,1200000,,RPVOMLPKLHGGFBD97CB
安南區,房地(土地+建物)+車位,臺南市安南區培安路305巷旁 B6-03,21.65,住,,,1080611,土地1建物1車位1,三層,15,住宅大樓(11層含以上有電梯),住家用,鋼筋混凝土造,,157.84,3,2,2,有,無,6850000,44251,坡道平面,30.16,1200000,,RPWOMLPKLHGGFBD08CB
安南區,房地(土地+建物)+車位,臺南市安南區培安路305巷旁 B6-05,21.65,住,,,1080521,土地1建物1車位1,五層,15,住宅大樓(11層含以上有電梯),住家用,鋼筋混凝土造,,157.84,3,2,2,有,無,6700000,43076,坡道平面,30.16,1200000,,RPXOMLPKLHGGFBD18CB
安南區,房地(土地+建物)+車位,臺南市安南區培安路305巷旁 B6-06,21.65,住,,,1080605,土地1建物1車位1,六層,15,住宅大樓(11層含以上有電梯),住家用,鋼筋混凝土造,,157.84,3,2,2,有,無,6720000,43233,坡道平面,30.16,1200000,,RPOPMLPKLHGGFBD37CB
安南區,房地(土地+建物)+車位,臺南市安南區培安路305巷旁 B6-08,21.65,住,,,1080514,土地1建物1車位1,八層,15,住宅大樓(11層含以上有電梯),住家用,鋼筋混凝土造,,157.84,3,2,2,有,無,6810000,43938,坡道平面,30.16,1200000,,RPPPMLPKLHGGFBD47CB
安南區,房地(土地+建物)+車位,臺南市安南區培安路305巷旁 B6-10,21.65,住,,,1080617,土地1建物1車位1,十層,15,住宅大樓(11層含以上有電梯),住家用,鋼筋混凝土造,,157.84,3,2,2,有,無,6990000,45348,坡道平面,30.16,1200000,,RPQPMLPKLHGGFBD57CB
安南區,房地(土地+建物)+車位,臺南市安南區培安路305巷旁 B6-11,21.65,住,,,1080507,土地1建物1車位1,十一層,15,住宅大樓(11層含以上有電梯),住家用,鋼筋混凝土造,,157.84,3,2,2,有,無,6740000,43390,坡道平面,30.16,1200000,,RPRPMLPKLHGGFBD67CB
安南區,房地(土地+建物)+車位,臺南市安南區培安路305巷旁 B6-12,21.65,住,,,1080528,土地1建物1車位1,十二層,15,住宅大樓(11層含以上有電梯),住家用,鋼筋混凝土造,,157.84,3,2,2,有,無,6720000,43233,坡道平面,30.16,1200000,,RPSPMLPKLHGGFBD77CB
安南區,房地(土地+建物)+車位,臺南市安南區培安路305巷旁 B6-04,21.65,住,,,1091108,土地1建物1車位1,四層,15,住宅大樓(11層含以上有電梯),住家用,鋼筋混凝土造,,157.84,3,2,2,有,無,7220000,47932,坡道平面,30.16,1100000,,RPTPMLPKLHGGFBD87CB
安南區,房地(土地+建物)+車位,臺南市安南區培安路305巷旁 B6-07,21.65,住,,,1080617,土地1建物1車位1,七層,15,住宅大樓(11層含以上有電梯),住家用,鋼筋混凝土造,,157.84,3,2,2,有,無,6900000,45426,坡道平面,30.16,1100000,,RPUPMLPKLHGGFBD97CB
安南區,房地(土地+建物)+車位,臺南市安南區培安路305巷旁 B6-09,21.65,住,,,1080507,土地1建物1車位1,九層,15,住宅大樓(11層含以上有電梯),住家用,鋼筋混凝土造,,157.84,3,2,2,有,無,6750000,42685,坡道平面,30.16,1300000,,RPVPMLPKLHGGFBD08CB
安南區,房地(土地+建物)+車位,臺南市安南區培安路305巷旁 B6-13,21.65,住,,,1090114,土地1建物1車位1,十三層,15,住宅大樓(11層含以上有電梯),住家用,鋼筋混凝土造,,157.84,3,2,2,有,無,7280000,46836,坡道平面,30.16,1300000,,RPWPMLPKLHGGFBD18CB
安南區,房地(土地+建物)+車位,臺南市安南區培安路305巷旁 B6-15,21.65,住,,,1090531,土地1建物1車位1,十五層,15,住宅大樓(11層含以上有電梯),住家用,鋼筋混凝土造,,157.84,3,2,2,有,無,7150000,45818,坡道平面,30.16,1300000,,RPXPMLPKLHGGFBD28CB
安南區,房地(土地+建物),臺南市安南區培安路305巷旁 B7-03,14.17,住,,,1080521,土地1建物1車位0,三層,15,住宅大樓(11層含以上有電梯),住家用,鋼筋混凝土造,,85.27,2,2,1,有,無,3800000,44564,,0.0,0,,RPOOMLQKLHGGFBD37CB
安南區,房地(土地+建物),臺南市安南區培安路305巷旁 B7-05,14.17,住,,,1080514,土地1建物1車位0,五層,15,住宅大樓(11層含以上有電梯),住家用,鋼筋混凝土造,,85.27,2,2,1,有,無,3820000,44799,,0.0,0,,RPPOMLQKLHGGFBD47CB
安南區,房地(土地+建物)+車位,臺南市安南區培安路305巷旁 B7-04,14.56,住,,,1080528,土地1建物1車位1,四層,15,住宅大樓(11層含以上有電梯),住家用,鋼筋混凝土造,,115.43,2,2,1,有,無,4900000,42219,坡道平面,30.16,1300000,,RPQOMLQKLHGGFBD57CB
安南區,房地(土地+建物)+車位,臺南市安南區培安路305巷旁 B7-02,14.56,住,,,1090122,土地1建物1車位1,二層,15,住宅大樓(11層含以上有電梯),住家用,鋼筋混凝土造,,115.43,2,2,1,有,無,4950000,43978,坡道平面,30.16,1200000,,RPROMLQKLHGGFBD67CB
安南區,房地(土地+建物)+車位,臺南市安南區培安路305巷旁 B7-07,14.56,住,,,1080709,土地1建物1車位1,七層,15,住宅大樓(11層含以上有電梯),住家用,鋼筋混凝土造,,115.43,2,2,1,有,無,4880000,43157,坡道平面,30.16,1200000,,RPSOMLQKLHGGFBD77CB
安南區,房地(土地+建物)+車位,臺南市安南區培安路305巷旁 B7-08,14.56,住,,,1081231,土地1建物1車位1,八層,15,住宅大樓(11層含以上有電梯),住家用,鋼筋混凝土造,,115.43,2,2,1,有,無,5090000,45620,坡道平面,30.16,1200000,,RPTOMLQKLHGGFBD87CB
安南區,房地(土地+建物)+車位,臺南市安南區培安路305巷旁 B7-06,14.56,住,,,1080528,土地1建物1車位1,六層,15,住宅大樓(11層含以上有電梯),住家用,鋼筋混凝土造,,115.43,2,2,1,有,無,4660000,41750,坡道平面,30.16,1100000,,RPUOMLQKLHGGFBD97CB
安南區,房地(土地+建物)+車位,臺南市安南區培安路305巷旁 B7-09,14.56,住,,,1080820,土地1建物1車位1,九層,15,住宅大樓(11層含以上有電梯),住家用,鋼筋混凝土造,,115.43,2,2,1,有,無,4600000,41046,坡道平面,30.16,1100000,,RPVOMLQKLHGGFBD08CB
安南區,房地(土地+建物)+車位,臺南市安南區培安路305巷旁 B7-11,14.56,住,,,1081210,土地1建物1車位1,十一層,15,住宅大樓(11層含以上有電梯),住家用,鋼筋混凝土造,,115.43,2,2,1,有,無,4990000,45620,坡道平面,30.16,1100000,,RPWOMLQKLHGGFBD18CB
安南區,房地(土地+建物)+車位,臺南市安南區培安路305巷旁 B7-13,14.56,住,,,1081022,土地1建物1車位1,十三層,15,住宅大樓(11層含以上有電梯),住家用,鋼筋混凝土造,,115.43,2,2,1,有,無,4880000,44330,坡道平面,30.16,1100000,,RPXOMLQKLHGGFBD28CB
安南區,房地(土地+建物)+車位,臺南市安南區培安路305巷旁 B7-10,14.56,住,,,1080605,土地1建物1車位1,十層,15,住宅大樓(11層含以上有電梯),住家用,鋼筋混凝土造,,114.34,2,2,1,有,無,4820000,42453,坡道平面,29.07,1200000,,RPOPMLQKLHGGFBD47CB
安南區,房地(土地+建物)+車位,臺南市安南區培安路305巷旁 B7-12,14.56,住,,,1080514,土地1建物1車位1,十二層,15,住宅大樓(11層含以上有電梯),住家用,鋼筋混凝土造,,114.34,2,2,1,有,無,4560000,41750,坡道平面,29.07,1000000,,RPPPMLQKLHGGFBD57CB
安南區,房地(土地+建物)+車位,臺南市安南區培安路305巷旁 B7-14,14.56,住,,,1081015,土地1建物1車位1,十四層,15,住宅大樓(11層含以上有電梯),住家用,鋼筋混凝土造,,114.34,2,2,1,有,無,4810000,44682,坡道平面,29.07,1000000,,RPQPMLQKLHGGFBD67CB
安南區,房地(土地+建物)+車位,臺南市安南區培安路305巷旁 B7-15,14.56,住,,,1080521,土地1建物1車位1,十五層,15,住宅大樓(11層含以上有電梯),住家用,鋼筋混凝土造,,114.34,2,2,1,有,無,4430000,40225,坡道平面,29.07,1000000,,RPRPMLQKLHGGFBD77CB
永康區,房地(土地+建物)+車位,臺南市永康區橋北段0039地號3G戶10樓,20.3,住,,,1090728,土地1建物1車位1,十層,14,住宅大樓(11層含以上有電梯),住家用,鋼筋混凝土造,,131.99,3,2,2,有,無,7870000,70862,坡道平面,33.63,900000,,RPQNMLQKLHGGFKD38CB
永康區,房地(土地+建物)+車位,臺南市永康區橋北段0039地號3G戶11樓,20.3,住,,,1090707,土地1建物1車位1,十一層,14,住宅大樓(11層含以上有電梯),住家用,鋼筋混凝土造,,131.99,3,2,2,有,無,7830000,69439,坡道平面,33.63,1000000,,RPRNMLQKLHGGFKD48CB
永康區,房地(土地+建物)+車位,臺南市永康區橋北段0039地號3G戶12樓,20.3,住,,,1090731,土地1建物1車位1,十二層,14,住宅大樓(11層含以上有電梯),住家用,鋼筋混凝土造,,131.99,3,2,2,有,無,7960000,70252,坡道平面,33.63,1050000,,RPSNMLQKLHGGFKD58CB
永康區,房地(土地+建物)+車位,臺南市永康區橋北段0039地號3G戶13樓,20.3,住,,,1090728,土地1建物1車位1,十三層,14,住宅大樓(11層含以上有電梯),住家用,鋼筋混凝土造,,131.99,3,2,2,有,無,8090000,70557,坡道平面,33.63,1150000,,RPTNMLQKLHGGFKD68CB
永康區,房地(土地+建物)+車位,臺南市永康區橋北段0039地號3G戶14樓,20.3,住,,,1090802,土地1建物1車位1,十四層,14,住宅大樓(11層含以上有電梯),住家用,鋼筋混凝土造,,131.99,3,2,2,有,無,7880000,69439,坡道平面,33.63,1050000,,RPUNMLQKLHGGFKD78CB
永康區,房地(土地+建物)+車位,臺南市永康區橋北段0039地號3H戶1樓,25.74,住,,,1090707,土地1建物1車位2,一層,14,住宅大樓(11層含以上有電梯),住家用,鋼筋混凝土造,,187.86,3,2,2,有,無,11050000,70481,坡道平面,67.26,2550000,,RPVNMLQKLHGGFKD88CB
永康區,房地(土地+建物)+車位,臺南市永康區橋北段0039地號3H戶2樓,24.65,住,,,1091026,土地1建物1車位1,二層,14,住宅大樓(11層含以上有電梯),住家用,鋼筋混凝土造,,154.23,3,2,2,有,無,9530000,68242,坡道平面,33.63,1300000,,RPWNMLQKLHGGFKD98CB
永康區,房地(土地+建物)+車位,臺南市永康區橋北段0039地號3H戶3樓,24.65,住,,,1091027,土地1建物1車位1,三層,14,住宅大樓(11層含以上有電梯),住家用,鋼筋混凝土造,,154.23,3,2,2,有,無,9830000,70730,坡道平面,33.63,1300000,,RPXNMLQKLHGGFKD09CB
永康區,房地(土地+建物)+車位,臺南市永康區橋北段0039地號3H戶4樓,24.65,住,,,1091026,土地1建物1車位1,四層,14,住宅大樓(11層含以上有電梯),住家用,鋼筋混凝土造,,154.23,3,2,2,有,無,9700000,70066,坡道平面,33.63,1250000,,RPOOMLQKLHGGFKD28CB
永康區,房地(土地+建物)+車位,臺南市永康區橋北段0039地號3H戶5樓,24.65,住,,,1091017,土地1建物1車位1,五層,14,住宅大樓(11層含以上有電梯),住家用,鋼筋混凝土造,,154.23,3,2,2,有,無,9960000,72222,坡道平面,33.63,1250000,,RPPOMLQKLHGGFKD38CB
永康區,房地(土地+建物)+車位,臺南市永康區橋北段0039地號3H戶6樓,24.65,住,,,1091023,土地1建物1車位1,六層,14,住宅大樓(11層含以上有電梯),住家用,鋼筋混凝土造,,154.23,3,2,2,有,無,10050000,72554,坡道平面,33.63,1300000,,RPQOMLQKLHGGFKD48CB
永康區,房地(土地+建物)+車位,臺南市永康區橋北段0039地號3H戶7樓,24.65,住,,,1091022,土地1建物1車位1,七層,14,住宅大樓(11層含以上有電梯),住家用,鋼筋混凝土造,,154.23,3,2,2,有,無,10080000,72803,坡道平面,33.63,1300000,,RPROMLQKLHGGFKD58CB
永康區,房地(土地+建物)+車位,臺南市永康區橋北段0039地號3H戶8樓,24.65,住,,,1091022,土地1建物1車位1,八層,14,住宅大樓(11層含以上有電梯),住家用,鋼筋混凝土造,,154.23,3,2,2,有,無,10120000,73134,坡道平面,33.63,1300000,,RPTOMLQKLHGGFKD78CB
永康區,房地(土地+建物)+車位,臺南市永康區橋北段0039地號3H戶9樓,24.65,住,,,1091016,土地1建物1車位1,九層,14,住宅大樓(11層含以上有電梯),住家用,鋼筋混凝土造,,154.23,3,2,2,有,無,10060000,73466,坡道平面,33.63,1200000,,RPUOMLQKLHGGFKD88CB
永康區,房地(土地+建物)+車位,臺南市永康區橋北段0039地號3H戶10樓,24.65,住,,,1091019,土地1建物1車位1,十層,14,住宅大樓(11層含以上有電梯),住家用,鋼筋混凝土造,,154.23,3,2,2,有,無,10140000,73715,坡道平面,33.63,1250000,,RPVOMLQKLHGGFKD98CB
永康區,房地(土地+建物)+車位,臺南市永康區橋北段0039地號3H戶11樓,24.65,住,,,1090713,土地1建物1車位1,十一層,14,住宅大樓(11層含以上有電梯),住家用,鋼筋混凝土造,,154.23,3,2,2,有,無,9410000,68905,坡道平面,33.63,1100000,,RPWOMLQKLHGGFKD09CB
永康區,房地(土地+建物)+車位,臺南市永康區橋北段0039地號3H戶12樓,24.65,住,,,1090725,土地1建物1車位1,十二層,14,住宅大樓(11層含以上有電梯),住家用,鋼筋混凝土造,,154.23,3,2,2,有,無,9520000,69818,坡道平面,33.63,1100000,,RPXOMLQKLHGGFKD56CB
永康區,房地(土地+建物)+車位,臺南市永康區橋北段0039地號3H戶13樓,24.65,住,,,1091013,土地1建物1車位1,十三層,14,住宅大樓(11層含以上有電梯),住家用,鋼筋混凝土造,,154.23,3,2,2,有,無,10160000,73466,坡道平面,33.63,1300000,,RPOPMLQKLHGGFKD38CB
永康區,房地(土地+建物)+車位,臺南市永康區橋北段0039地號3H戶14樓,24.65,住,,,1090919,土地1建物1車位1,十四層,14,住宅大樓(11層含以上有電梯),住家用,鋼筋混凝土造,,154.23,3,2,2,有,無,9700000,71310,坡道平面,33.63,1100000,,RPPPMLQKLHGGFKD48CB
永康區,房地(土地+建物)+車位,臺南市永康區橋北段0039地號3I戶2樓,23.93,住,,,1091021,土地1建物1車位1,二層,14,住宅大樓(11層含以上有電梯),住家用,鋼筋混凝土造,,151.29,3,2,2,有,無,10140000,75557,坡道平面,33.63,1250000,,RPQPMLQKLHGGFKD58CB
永康區,房地(土地+建物)+車位,臺南市永康區橋北段0039地號3I戶3樓,23.93,住,,,1090709,土地1建物1車位1,三層,14,住宅大樓(11層含以上有電梯),住家用,鋼筋混凝土造,,151.29,3,2,2,有,無,9760000,74027,坡道平面,33.63,1050000,,RPRPMLQKLHGGFKD68CB
永康區,房地(土地+建物)+車位,臺南市永康區橋北段0039地號3I戶4樓,23.93,住,,,1091005,土地1建物1車位1,四層,14,住宅大樓(11層含以上有電梯),住家用,鋼筋混凝土造,,151.29,3,2,2,有,無,10240000,76407,坡道平面,33.63,1250000,,RPSPMLQKLHGGFKD78CB
永康區,房地(土地+建物)+車位,臺南市永康區橋北段0039地號3I戶5樓,23.93,住,,,1090815,土地1建物1車位1,五層,14,住宅大樓(11層含以上有電梯),住家用,鋼筋混凝土造,,151.29,3,2,2,有,無,10150000,77341,坡道平面,33.63,1050000,,RPTPMLQKLHGGFKD88CB
永康區,房地(土地+建物)+車位,臺南市永康區橋北段0039地號3I戶6樓,23.93,住,,,1090706,土地1建物1車位1,六層,14,住宅大樓(11層含以上有電梯),住家用,鋼筋混凝土造,,151.29,3,2,2,有,無,10080000,75897,坡道平面,33.63,1150000,,RPUPMLQKLHGGFKD98CB
永康區,房地(土地+建物)+車位,臺南市永康區橋北段0039地號3I戶7樓,23.93,住,,,1090706,土地1建物1車位1,七層,14,住宅大樓(11層含以上有電梯),住家用,鋼筋混凝土造,,151.29,3,2,2,有,無,10210000,76152,坡道平面,33.63,1250000,,RPVPMLQKLHGGFKD09CB
永康區,房地(土地+建物)+車位,臺南市永康區橋北段0039地號3I戶8樓,23.93,住,,,1090925,土地1建物1車位1,八層,14,住宅大樓(11層含以上有電梯),住家用,鋼筋混凝土造,,151.29,3,2,2,有,無,10400000,79466,坡道平面,33.63,1050000,,RPWPMLQKLHGGFKD56CB
永康區,房地(土地+建物)+車位,臺南市永康區橋北段0039地號3I戶9樓,23.93,住,,,1090922,土地1建物1車位1,九層,14,住宅大樓(11層含以上有電梯),住家用,鋼筋混凝土造,,151.29,3,2,2,有,無,10530000,79721,坡道平面,33.63,1150000,,RPXPMLQKLHGGFKD66CB
永康區,房地(土地+建物)+車位,臺南市永康區橋北段0039地號3I戶10樓,23.93,住,,,1090924,土地1建物1車位1,十層,14,住宅大樓(11層含以上有電梯),住家用,鋼筋混凝土造,,151.29,3,2,2,有,無,10470000,80061,坡道平面,33.63,1050000,,RPOQMLQKLHGGFKD48CB
永康區,房地(土地+建物)+車位,臺南市永康區橋北段0039地號3I戶11樓,23.93,住,,,1090813,土地1建物1車位1,十一層,14,住宅大樓(11層含以上有電梯),住家用,鋼筋混凝土造,,151.29,3,2,2,有,無,10220000,77936,坡道平面,33.63,1050000,,RPPQMLQKLHGGFKD58CB
永康區,房地(土地+建物)+車位,臺南市永康區橋北段0039地號3I戶12樓,23.93,住,,,1090820,土地1建物1車位1,十二層,14,住宅大樓(11層含以上有電梯),住家用,鋼筋混凝土造,,151.29,3,2,2,有,無,10360000,78276,坡道平面,33.63,1150000,,RPQQMLQKLHGGFKD68CB
永康區,房地(土地+建物)+車位,臺南市永康區橋北段0039地號3I戶13樓,23.93,住,,,1091003,土地1建物1車位1,十三層,14,住宅大樓(11層含以上有電梯),住家用,鋼筋混凝土造,,151.29,3,2,2,有,無,10530000,79721,坡道平面,33.63,1150000,,RPRQMLQKLHGGFKD78CB
永康區,房地(土地+建物)+車位,臺南市永康區橋北段0039地號3I戶14樓,23.93,住,,,1091029,土地1建物1車位1,十四層,14,住宅大樓(11層含以上有電梯),住家用,鋼筋混凝土造,,151.29,3,2,2,有,無,10600000,79466,坡道平面,33.63,1250000,,RPSQMLQKLHGGFKD88CB
永康區,房地(土地+建物)+車位,臺南市永康區橋北段0039地號3J戶2樓,16.68,住,,,1090814,土地1建物1車位1,二層,14,住宅大樓(11層含以上有電梯),住家用,鋼筋混凝土造,,114.07,2,2,1,有,無,6900000,74590,坡道平面,33.63,900000,,RPTQMLQKLHGGFKD98CB
永康區,房地(土地+建物)+車位,臺南市永康區橋北段0039地號3J戶3樓,16.68,住,,,1090709,土地1建物1車位1,三層,14,住宅大樓(11層含以上有電梯),住家用,鋼筋混凝土造,,114.07,2,2,1,有,無,6990000,75087,坡道平面,33.63,950000,,RPUQMLQKLHGGFKD09CB
永康區,房地(土地+建物)+車位,臺南市永康區橋北段0039地號3J戶4樓,16.68,住,,,1090713,土地1建物1車位1,四層,14,住宅大樓(11層含以上有電梯),住家用,鋼筋混凝土造,,114.07,2,2,1,有,無,7040000,74465,坡道平面,33.63,1050000,,RPVQMLQKLHGGFKD56CB
永康區,房地(土地+建物)+車位,臺南市永康區橋北段0039地號3J戶5樓,16.68,住,,,1090708,土地1建物1車位1,五層,14,住宅大樓(11層含以上有電梯),住家用,鋼筋混凝土造,,114.07,2,2,1,有,無,7110000,76579,坡道平面,33.63,950000,,RPWQMLQKLHGGFKD66CB
永康區,房地(土地+建物)+車位,臺南市永康區橋北段0039地號3J戶6樓,16.68,住,,,1090707,土地1建物1車位1,六層,14,住宅大樓(11層含以上有電梯),住家用,鋼筋混凝土造,,114.07,2,2,1,有,無,7240000,76952,坡道平面,33.63,1050000,,RPXQMLQKLHGGFKD76CB
永康區,房地(土地+建物)+車位,臺南市永康區橋北段0039地號3J戶7樓,16.68,住,,,1090710,土地1建物1車位1,七層,14,住宅大樓(11層含以上有電梯),住家用,鋼筋混凝土造,,114.07,2,2,1,有,無,7260000,77200,坡道平面,33.63,1050000,,RPORMLQKLHGGFKD58CB
永康區,房地(土地+建物)+車位,臺南市永康區橋北段0039地號3J戶8樓,16.68,住,,,1090708,土地1建物1車位1,八層,14,住宅大樓(11層含以上有電梯),住家用,鋼筋混凝土造,,114.07,2,2,1,有,無,7380000,77449,坡道平面,33.63,1150000,,RPPRMLQKLHGGFKD68CB
永康區,房地(土地+建物)+車位,臺南市永康區橋北段0039地號3J戶9樓,16.68,住,,,1090721,土地1建物1車位1,九層,14,住宅大樓(11層含以上有電梯),住家用,鋼筋混凝土造,,115.3,2,2,1,有,無,7310000,77822,坡道平面,34.86,1050000,,RPQRMLQKLHGGFKD78CB
永康區,房地(土地+建物)+車位,臺南市永康區橋北段0039地號3J戶10樓,16.68,住,,,1090710,土地1建物1車位1,十層,14,住宅大樓(11層含以上有電梯),住家用,鋼筋混凝土造,,114.07,2,2,1,有,無,7280000,78071,坡道平面,33.63,1000000,,RPRRMLQKLHGGFKD88CB
永康區,房地(土地+建物)+車位,臺南市永康區橋北段0039地號3J戶11樓,16.68,住,,,1090717,土地1建物1車位1,十一層,14,住宅大樓(11層含以上有電梯),住家用,鋼筋混凝土造,,114.07,2,2,1,有,無,7160000,77200,坡道平面,33.63,950000,,RPSRMLQKLHGGFKD98CB
永康區,房地(土地+建物)+車位,臺南市永康區橋北段0039地號3J戶12樓,16.68,住,,,1090717,土地1建物1車位1,十二層,14,住宅大樓(11層含以上有電梯),住家用,鋼筋混凝土造,,114.07,2,2,1,有,無,7180000,77449,坡道平面,33.63,950000,,RPTRMLQKLHGGFKD09CB
永康區,房地(土地+建物)+車位,臺南市永康區橋北段0039地號3J戶13樓,16.68,住,,,1090716,土地1建物1車位1,十三層,14,住宅大樓(11層含以上有電梯),住家用,鋼筋混凝土造,,114.07,2,2,1,有,無,7310000,77822,坡道平面,33.63,1050000,,RPURMLQKLHGGFKD56CB
永康區,房地(土地+建物)+車位,臺南市永康區橋北段0039地號3J戶14樓,16.68,住,,,1090727,土地1建物1車位1,十四層,14,住宅大樓(11層含以上有電梯),住家用,鋼筋混凝土造,,114.07,2,2,1,有,無,7360000,78444,坡道平面,33.63,1050000,,RPVRMLQKLHGGFKD66CB
永康區,房地(土地+建物)+車位,臺南市永康區橋北段0039地號3K戶2樓,24.29,住,,,1091102,土地1建物1車位1,二層,14,住宅大樓(11層含以上有電梯),住家用,鋼筋混凝土造,,152.5,3,2,2,有,無,10040000,75629,坡道平面,33.63,1050000,,RPWRMLQKLHGGFKD76CB
永康區,房地(土地+建物)+車位,臺南市永康區橋北段0039地號3K戶3樓,24.29,住,,,1091006,土地1建物1車位1,三層,14,住宅大樓(11層含以上有電梯),住家用,鋼筋混凝土造,,153.73,3,2,2,有,無,10430000,78068,坡道平面,34.86,1150000,,RPXRMLQKLHGGFKD86CB
永康區,房地(土地+建物)+車位,臺南市永康區橋北段0039地號3K戶4樓,24.29,住,,,1091008,土地1建物1車位1,四層,14,住宅大樓(11層含以上有電梯),住家用,鋼筋混凝土造,,152.5,3,2,2,有,無,10260000,77480,坡道平面,33.63,1050000,,RPOSMLQKLHGGFKD68CB
永康區,房地(土地+建物)+車位,臺南市永康區橋北段0039地號3K戶5樓,25.38,住,,,1090804,土地1建物1車位2,五層,14,住宅大樓(11層含以上有電梯),住家用,鋼筋混凝土造,,186.13,3,2,2,有,無,11350000,77395,坡道平面,67.26,2150000,,RPRSMLQKLHGGFKD98CB
永康區,房地(土地+建物)+車位,臺南市永康區橋北段0039地號3K戶6樓,24.29,住,,,1090929,土地1建物1車位1,六層,14,住宅大樓(11層含以上有電梯),住家用,鋼筋混凝土造,,152.5,3,2,2,有,無,10680000,78910,坡道平面,33.63,1300000,,RPSSMLQKLHGGFKD09CB
永康區,房地(土地+建物)+車位,臺南市永康區橋北段0039地號3K戶7樓,24.29,住,,,1090928,土地1建物1車位1,七層,14,住宅大樓(11層含以上有電梯),住家用,鋼筋混凝土造,,152.5,3,2,2,有,無,10470000,79246,坡道平面,33.63,1050000,,RPTSMLQKLHGGFKD56CB
永康區,房地(土地+建物)+車位,臺南市永康區橋北段0039地號3K戶8樓,25.38,住,,,1090716,土地1建物1車位2,八層,14,住宅大樓(11層含以上有電梯),住家用,鋼筋混凝土造,,186.13,3,2,2,有,無,11390000,76470,坡道平面,67.26,2300000,,RPUSMLQKLHGGFKD66CB
永康區,房地(土地+建物)+車位,臺南市永康區橋北段0039地號3K戶9樓,24.29,住,,,1090922,土地1建物1車位1,九層,14,住宅大樓(11層含以上有電梯),住家用,鋼筋混凝土造,,152.5,3,2,2,有,無,10640000,79835,坡道平面,33.63,1150000,,RPWSMLQKLHGGFKD86CB
永康區,房地(土地+建物)+車位,臺南市永康區橋北段0039地號3K戶10樓,24.29,住,,,1090928,土地1建物1車位1,十層,14,住宅大樓(11層含以上有電梯),住家用,鋼筋混凝土造,,152.5,3,2,2,有,無,10680000,80172,坡道平面,33.63,1150000,,RPXSMLQKLHGGFKD96CB
永康區,房地(土地+建物)+車位,臺南市永康區橋北段0039地號3K戶11樓,24.29,住,,,1091001,土地1建物1車位1,十一層,14,住宅大樓(11層含以上有電梯),住家用,鋼筋混凝土造,,152.5,3,2,2,有,無,10570000,79246,坡道平面,33.63,1150000,,RPOTMLQKLHGGFKD78CB
永康區,房地(土地+建物)+車位,臺南市永康區橋北段0039地號3K戶12樓,24.29,住,,,1091001,土地1建物1車位1,十二層,14,住宅大樓(11層含以上有電梯),住家用,鋼筋混凝土造,,152.5,3,2,2,有,無,10360000,78321,坡道平面,33.63,1050000,,RPQTMLQKLHGGFKD98CB
永康區,房地(土地+建物)+車位,臺南市永康區橋北段0039地號3K戶13樓,24.29,住,,,1091002,土地1建物1車位1,十三層,14,住宅大樓(11層含以上有電梯),住家用,鋼筋混凝土造,,152.5,3,2,2,有,無,10790000,79835,坡道平面,33.63,1300000,,RPRTMLQKLHGGFKD09CB
永康區,房地(土地+建物)+車位,臺南市永康區橋北段0039地號3K戶14樓,24.29,住,,,1091004,土地1建物1車位1,十四層,14,住宅大樓(11層含以上有電梯),住家用,鋼筋混凝土造,,152.5,3,2,2,有,無,10760000,79583,坡道平面,33.63,1300000,,RPSTMLQKLHGGFKD56CB
永康區,房地(土地+建物)+車位,臺南市永康區橋北段0039地號3L戶2樓,24.29,住,,,1090926,土地1建物1車位1,二層,14,住宅大樓(11層含以上有電梯),住家用,鋼筋混凝土造,,152.54,3,2,2,有,無,9240000,68035,坡道平面,33.63,1150000,,RPUTMLQKLHGGFKD76CB
永康區,房地(土地+建物)+車位,臺南市永康區橋北段0039地號3L戶3樓,24.29,住,,,1090904,土地1建物1車位1,三層,14,住宅大樓(11層含以上有電梯),住家用,鋼筋混凝土造,,152.54,3,2,2,有,無,9310000,69885,坡道平面,33.63,1000000,,RPVTMLQKLHGGFKD86CB
永康區,房地(土地+建物)+車位,臺南市永康區橋北段0039地號3L戶4樓,24.29,住,,,1090806,土地1建物1車位1,四層,14,住宅大樓(11層含以上有電梯),住家用,鋼筋混凝土造,,152.54,3,2,2,有,無,9210000,68623,坡道平面,33.63,1050000,,RPWTMLQKLHGGFKD96CB
永康區,房地(土地+建物)+車位,臺南市永康區橋北段0039地號3L戶5樓,24.29,住,,,1090724,土地1建物1車位1,五層,14,住宅大樓(11層含以上有電梯),住家用,鋼筋混凝土造,,152.54,3,2,2,有,無,9270000,69548,坡道平面,33.63,1000000,,RPOUMLQKLHGGFKD88CB
永康區,房地(土地+建物)+車位,臺南市永康區橋北段0039地號3L戶6樓,24.29,住,,,1090718,土地1建物1車位1,六層,14,住宅大樓(11層含以上有電梯),住家用,鋼筋混凝土造,,152.54,3,2,2,有,無,9130000,69212,坡道平面,33.63,900000,,RPPUMLQKLHGGFKD98CB
永康區,房地(土地+建物)+車位,臺南市永康區橋北段0039地號3L戶7樓,24.29,住,,,1090714,土地1建物1車位1,七層,14,住宅大樓(11層含以上有電梯),住家用,鋼筋混凝土造,,152.54,3,2,2,有,無,9410000,69464,坡道平面,33.63,1150000,,RPRUMLQKLHGGFKD56CB
永康區,房地(土地+建物)+車位,臺南市永康區橋北段0039地號3L戶8樓,25.38,住,,,1090901,土地1建物1車位2,八層,14,住宅大樓(11層含以上有電梯),住家用,鋼筋混凝土造,,186.17,3,2,2,有,無,10900000,72324,坡道平面,67.26,2300000,,RPSUMLQKLHGGFKD66CB
永康區,房地(土地+建物)+車位,臺南市永康區橋北段0039地號3L戶9樓,25.38,住,,,1090906,土地1建物1車位2,九層,14,住宅大樓(11層含以上有電梯),住家用,鋼筋混凝土造,,186.17,3,2,2,有,無,10730000,72576,坡道平面,67.26,2100000,,RPTUMLQKLHGGFKD76CB
永康區,房地(土地+建物)+車位,臺南市永康區橋北段0039地號3L戶10樓,25.38,住,,,1090905,土地1建物1車位2,十層,14,住宅大樓(11層含以上有電梯),住家用,鋼筋混凝土造,,186.17,3,2,2,有,無,11220000,72912,坡道平面,67.26,2550000,,RPVUMLQKLHGGFKD96CB
永康區,房地(土地+建物)+車位,臺南市永康區橋北段0039地號3L戶11樓,24.29,住,,,1090709,土地1建物1車位1,十一層,14,住宅大樓(11層含以上有電梯),住家用,鋼筋混凝土造,,152.54,3,2,2,有,無,9210000,69464,坡道平面,33.63,950000,,RPWUMLQKLHGGFKD07CB
永康區,房地(土地+建物)+車位,臺南市永康區橋北段0039地號3L戶12樓,24.29,住,,,1090713,土地1建物1車位1,十二層,14,住宅大樓(11層含以上有電梯),住家用,鋼筋混凝土造,,152.54,3,2,2,有,無,9400000,69801,坡道平面,33.63,1100000,,RPXUMLQKLHGGFKD17CB
永康區,房地(土地+建物)+車位,臺南市永康區橋北段0039地號3L戶13樓,24.29,住,,,1090711,土地1建物1車位1,十三層,14,住宅大樓(11層含以上有電梯),住家用,鋼筋混凝土造,,152.54,3,2,2,有,無,9430000,70053,坡道平面,33.63,1100000,,RPPVMLQKLHGGFKD09CB
永康區,房地(土地+建物)+車位,臺南市永康區橋北段0039地號3L戶14樓,24.29,住,,,1090723,土地1建物1車位1,十四層,14,住宅大樓(11層含以上有電梯),住家用,鋼筋混凝土造,,152.54,3,2,2,有,無,9140000,68876,坡道平面,33.63,950000,,RPQVMLQKLHGGFKD56CB
永康區,房地(土地+建物)+車位,臺南市永康區橋北段0039地號3M戶1樓,16.68,住,,,1090706,土地1建物1車位1,一層,14,住宅大樓(11層含以上有電梯),住家用,鋼筋混凝土造,,114.07,2,2,1,有,無,7060000,72228,坡道平面,33.63,1250000,,RPRVMLQKLHGGFKD66CB
永康區,房地(土地+建物)+車位,臺南市永康區橋北段0039地號3M戶2樓,16.68,住,,,1090709,土地1建物1車位1,二層,14,住宅大樓(11層含以上有電梯),住家用,鋼筋混凝土造,,114.07,2,2,1,有,無,6190000,65142,坡道平面,33.63,950000,,RPSVMLQKLHGGFKD76CB
永康區,房地(土地+建物)+車位,臺南市永康區橋北段0039地號3M戶3樓,16.68,住,,,1090709,土地1建物1車位1,三層,14,住宅大樓(11層含以上有電梯),住家用,鋼筋混凝土造,,114.07,2,2,1,有,無,6380000,67504,坡道平面,33.63,950000,,RPUVMLQKLHGGFKD96CB
永康區,房地(土地+建物)+車位,臺南市永康區橋北段0039地號3M戶4樓,16.68,住,,,1090706,土地1建物1車位1,四層,14,住宅大樓(11層含以上有電梯),住家用,鋼筋混凝土造,,114.07,2,2,1,有,無,6330000,66882,坡道平面,33.63,950000,,RPWVMLQKLHGGFKD17CB
永康區,房地(土地+建物)+車位,臺南市永康區橋北段0039地號3M戶5樓,16.68,住,,,1090706,土地1建物1車位1,五層,14,住宅大樓(11層含以上有電梯),住家用,鋼筋混凝土造,,114.07,2,2,1,有,無,6800000,68996,坡道平面,33.63,1250000,,RPXVMLQKLHGGFKD27CB
永康區,房地(土地+建物)+車位,臺南市永康區橋北段0039地號3M戶6樓,16.68,住,,,1090707,土地1建物1車位1,六層,14,住宅大樓(11層含以上有電梯),住家用,鋼筋混凝土造,,114.07,2,2,1,有,無,6530000,69368,坡道平面,33.63,950000,,RPOWMLQKLHGGFKD09CB
永康區,房地(土地+建物)+車位,臺南市永康區橋北段0039地號3M戶7樓,16.68,住,,,1090703,土地1建物1車位1,七層,14,住宅大樓(11層含以上有電梯),住家用,鋼筋混凝土造,,114.07,2,2,1,有,無,6550000,69617,坡道平面,33.63,950000,,RPPWMLQKLHGGFKD56CB
永康區,房地(土地+建物)+車位,臺南市永康區橋北段0039地號3M戶8樓,16.68,住,,,1090706,土地1建物1車位1,八層,14,住宅大樓(11層含以上有電梯),住家用,鋼筋混凝土造,,114.07,2,2,1,有,無,6780000,69990,坡道平面,33.63,1150000,,RPQWMLQKLHGGFKD66CB
永康區,房地(土地+建物)+車位,臺南市永康區橋北段0039地號3M戶9樓,16.68,住,,,1090706,土地1建物1車位1,九層,14,住宅大樓(11層含以上有電梯),住家用,鋼筋混凝土造,,114.07,2,2,1,有,無,6800000,70239,坡道平面,33.63,1150000,,RPSWMLQKLHGGFKD86CB
永康區,房地(土地+建物)+車位,臺南市永康區橋北段0039地號3M戶10樓,16.68,住,,,1090706,土地1建物1車位1,十層,14,住宅大樓(11層含以上有電梯),住家用,鋼筋混凝土造,,114.07,2,2,1,有,無,6820000,70487,坡道平面,33.63,1150000,,RPTWMLQKLHGGFKD96CB
永康區,房地(土地+建物)+車位,臺南市永康區橋北段0039地號3M戶11樓,16.68,住,,,1090703,土地1建物1車位1,十一層,14,住宅大樓(11層含以上有電梯),住家用,鋼筋混凝土造,,114.07,2,2,1,有,無,6550000,69617,坡道平面,33.63,950000,,RPUWMLQKLHGGFKD07CB
永康區,房地(土地+建物)+車位,臺南市永康區橋北段0039地號3M戶12樓,16.68,住,,,1090708,土地1建物1車位1,十二層,14,住宅大樓(11層含以上有電梯),住家用,鋼筋混凝土造,,114.07,2,2,1,有,無,6580000,69990,坡道平面,33.63,950000,,RPVWMLQKLHGGFKD17CB
永康區,房地(土地+建物)+車位,臺南市永康區橋北段0039地號3M戶13樓,16.68,住,,,1090702,土地1建物1車位1,十三層,14,住宅大樓(11層含以上有電梯),住家用,鋼筋混凝土造,,114.07,2,2,1,有,無,6700000,70239,坡道平面,33.63,1050000,,RPWWMLQKLHGGFKD27CB
永康區,房地(土地+建物)+車位,臺南市永康區橋北段0039地號3M戶14樓,16.68,住,,,1090703,土地1建物1車位1,十四層,14,住宅大樓(11層含以上有電梯),住家用,鋼筋混凝土造,,114.07,2,2,1,有,無,6500000,68996,坡道平面,33.63,950000,,RPXWMLQKLHGGFKD37CB
永康區,房地(土地+建物)+車位,臺南市永康區橋北段0039地號3N戶1樓,23.93,住,,,1090921,土地1建物1車位1,一層,14,住宅大樓(11層含以上有電梯),住家用,鋼筋混凝土造,,151.29,3,2,2,有,無,9790000,73432,坡道平面,33.63,1150000,,RPONNLQKLHGGFKD28CB
永康區,房地(土地+建物)+車位,臺南市永康區橋北段0039地號3N戶2樓,23.93,住,,,1090721,土地1建物1車位1,二層,14,住宅大樓(11層含以上有電梯),住家用,鋼筋混凝土造,,151.29,3,2,2,有,無,8700000,65018,坡道平面,33.63,1050000,,RPPNNLQKLHGGFKD38CB
永康區,房地(土地+建物)+車位,臺南市永康區橋北段0039地號3N戶3樓,23.93,住,,,1090905,土地1建物1車位1,三層,14,住宅大樓(11層含以上有電梯),住家用,鋼筋混凝土造,,151.29,3,2,2,有,無,9260000,69777,坡道平面,33.63,1050000,,RPQNNLQKLHGGFKD48CB
永康區,房地(土地+建物)+車位,臺南市永康區橋北段0039地號3N戶4樓,23.93,住,,,1090723,土地1建物1車位1,四層,14,住宅大樓(11層含以上有電梯),住家用,鋼筋混凝土造,,151.29,3,2,2,有,無,9010000,66803,坡道平面,33.63,1150000,,RPRNNLQKLHGGFKD58CB
永康區,房地(土地+建物)+車位,臺南市永康區橋北段0039地號3N戶5樓,23.93,住,,,1090716,土地1建物1車位1,五層,14,住宅大樓(11層含以上有電梯),住家用,鋼筋混凝土造,,151.29,3,2,2,有,無,9160000,68927,坡道平面,33.63,1050000,,RPSNNLQKLHGGFKD68CB
永康區,房地(土地+建物)+車位,臺南市永康區橋北段0039地號3N戶6樓,23.93,住,,,1090710,土地1建物1車位1,六層,14,住宅大樓(11層含以上有電梯),住家用,鋼筋混凝土造,,151.29,3,2,2,有,無,9190000,69182,坡道平面,33.63,1050000,,RPUNNLQKLHGGFKD88CB
永康區,房地(土地+建物)+車位,臺南市永康區橋北段0039地號3N戶7樓,23.93,住,,,1090705,土地1建物1車位1,七層,14,住宅大樓(11層含以上有電梯),住家用,鋼筋混凝土造,,151.29,3,2,2,有,無,9330000,69522,坡道平面,33.63,1150000,,RPVNNLQKLHGGFKD98CB
永康區,房地(土地+建物)+車位,臺南市永康區橋北段0039地號3N戶8樓,24.83,住,,,1090831,土地1建物1車位2,八層,14,住宅大樓(11層含以上有電梯),住家用,鋼筋混凝土造,,183.85,3,2,2,有,無,10540000,72157,坡道平面,66.19,2050000,,RPWNNLQKLHGGFKD09CB
永康區,房地(土地+建物)+車位,臺南市永康區橋北段0039地號3N戶9樓,26.1,住,,,1090824,土地1建物1車位3,九層,14,住宅大樓(11層含以上有電梯),住家用,鋼筋混凝土造,,218.55,3,2,2,有,無,11860000,71902,坡道平面,100.89,3400000,,RPXNNLQKLHGGFKD56CB
永康區,房地(土地+建物)+車位,臺南市永康區橋北段0039地號3N戶10樓,25.01,住,,,1090713,土地1建物1車位2,十層,14,住宅大樓(11層含以上有電梯),住家用,鋼筋混凝土造,,184.92,3,2,2,有,無,10290000,70457,坡道平面,67.26,2000000,,RPOONLQKLHGGFKD38CB
永康區,房地(土地+建物)+車位,臺南市永康區橋北段0039地號3N戶11樓,23.93,住,,,1090708,土地1建物1車位1,十一層,14,住宅大樓(11層含以上有電梯),住家用,鋼筋混凝土造,,151.29,3,2,2,有,無,9330000,69522,坡道平面,33.63,1150000,,RPPONLQKLHGGFKD48CB
永康區,房地(土地+建物)+車位,臺南市永康區橋北段0039地號3N戶12樓,23.93,住,,,1090709,土地1建物1車位1,十二層,14,住宅大樓(11層含以上有電梯),住家用,鋼筋混凝土造,,151.29,3,2,2,有,無,9260000,69777,坡道平面,33.63,1050000,,RPQONLQKLHGGFKD58CB
永康區,房地(土地+建物)+車位,臺南市永康區橋北段0039地號3N戶13樓,23.93,住,,,1090709,土地1建物1車位1,十三層,14,住宅大樓(11層含以上有電梯),住家用,鋼筋混凝土造,,151.29,3,2,2,有,無,9300000,70117,坡道平面,33.63,1050000,,RPRONLQKLHGGFKD68CB
永康區,房地(土地+建物)+車位,臺南市永康區橋北段0039地號3N戶14樓,23.93,住,,,1090714,土地1建物1車位1,十四層,14,住宅大樓(11層含以上有電梯),住家用,鋼筋混凝土造,,151.29,3,2,2,有,無,9260000,68927,坡道平面,33.63,1150000,,RPSONLQKLHGGFKD78CB
永康區,房地(土地+建物)+車位,臺南市永康區橋北段0039地號P1戶1樓,41.69,住,,,1090703,土地1建物1車位2,一層,14,店面(店鋪),商業用,鋼筋混凝土造,,196.77,0,0,1,有,無,18520000,124855,坡道平面,67.26,2350000,,RPTONLQKLHGGFKD88CB
永康區,房地(土地+建物)+車位,臺南市永康區橋北段0039地號P2戶1樓,35.53,住,,,1090703,土地1建物1車位2,一層,14,店面(店鋪),商業用,鋼筋混凝土造,,177.67,0,0,1,有,無,17560000,140024,坡道平面,67.26,2100000,,RPVONLQKLHGGFKD09CB
永康區,房地(土地+建物)+車位,臺南市永康區橋北段0039地號P3戶1樓,41.15,住,,,1090707,土地1建物1車位2,一層,14,店面(店鋪),商業用,鋼筋混凝土造,,196.59,0,0,1,有,無,19860000,135390,坡道平面,67.26,2350000,,RPWONLQKLHGGFKD56CB
永康區,房地(土地+建物)+車位,臺南市永康區橋北段0039地號P5戶1樓,34.8,住,,,1090703,土地1建物1車位3,一層,14,店面(店鋪),商業用,鋼筋混凝土造,,204.84,0,0,1,有,無,17080000,134007,坡道平面,100.89,3150000,,RPXONLQKLHGGFKD66CB
永康區,房地(土地+建物)+車位,臺南市永康區橋北段0039地號P6戶1樓,34.44,住,,,1090706,土地1建物1車位2,一層,14,店面(店鋪),商業用,鋼筋混凝土造,,175.55,0,0,1,有,無,16590000,132498,坡道平面,66.19,2100000,,RPOPNLQKLHGGFKD48CB
永康區,房地(土地+建物)+車位,臺南市永康區橋北段0039地號P7戶1樓,39.33,住,,,1090706,土地1建物1車位2,一層,14,店面(店鋪),商業用,鋼筋混凝土造,,187.15,0,0,1,有,無,18290000,130952,坡道平面,66.19,2450000,,RPPPNLQKLHGGFKD58CB
永康區,房地(土地+建物)+車位,臺南市永康區橋北段0039地號P8戶1樓,42.78,住,,,1090704,土地1建物1車位2,一層,14,店面(店鋪),商業用,鋼筋混凝土造,,198.53,0,0,1,有,無,19330000,130875,坡道平面,67.26,2150000,,RPQPNLQKLHGGFKD68CB
永康區,房地(土地+建物)+車位,臺南市永康區橋北段0039地號P9戶1樓,34.62,住,,,1090703,土地1建物1車位2,一層,14,店面(店鋪),商業用,鋼筋混凝土造,,176.62,0,0,1,有,無,16390000,132498,坡道平面,67.26,1900000,,RPRPNLQKLHGGFKD78CB
永康區,房地(土地+建物)+車位,臺南市永康區橋北段0039地號P10戶1樓,44.59,住,,,1090706,土地1建物1車位2,一層,15,店面(店鋪),商業用,鋼筋混凝土造,,200.1,0,0,1,有,無,19980000,132340,坡道平面,67.26,2400000,,RPSPNLQKLHGGFKD88CB
永康區,房地(土地+建物)+車位,臺南市永康區橋北段0039地號P12戶1樓,44.23,住,,,1090704,土地1建物1車位2,一層,15,店面(店鋪),商業用,鋼筋混凝土造,,199.26,0,0,1,有,無,18420000,124773,坡道平面,67.26,1950000,,RPTPNLQKLHGGFKD98CB
永康區,房地(土地+建物)+車位,臺南市永康區橋北段0039地號P13戶1樓,38.79,住,,,1090702,土地1建物1車位2,一層,15,店面(店鋪),商業用,鋼筋混凝土造,,181.93,0,0,1,有,無,16650000,124849,坡道平面,66.19,2200000,,RPUPNLQKLHGGFKD09CB
永康區,房地(土地+建物)+車位,臺南市永康區橋北段0039地號P15戶1樓,41.51,住,,,1090702,土地1建物1車位2,一層,15,店面(店鋪),商業用,鋼筋混凝土造,,190.58,0,0,1,有,無,18110000,127798,坡道平面,67.26,2350000,,RPVPNLQKLHGGFKD56CB
永康區,房地(土地+建物)+車位,臺南市永康區橋北段0039地號P17戶1樓,48.03,住,,,1090702,土地1建物1車位2,一層,14,店面(店鋪),商業用,鋼筋混凝土造,,216.78,0,0,1,有,無,20660000,127741,坡道平面,72.66,2250000,,RPWPNLQKLHGGFKD66CB
永康區,房地(土地+建物)+車位,臺南市永康區橋北段0039地號P18戶1樓,55.1,住,,,1090717,土地1建物1車位2,一層,14,店面(店鋪),商業用,鋼筋混凝土造,,233.27,0,0,1,有,無,24670000,134450,坡道平面,67.26,2350000,,RPXPNLQKLHGGFKD76CB
永康區,房地(土地+建物)+車位,臺南市永康區橋北段0039地號P19戶1樓,42.23,住,,,1090706,土地1建物1車位2,一層,14,店面(店鋪),商業用,鋼筋混凝土造,,194.6,0,0,1,有,無,17470000,118737,坡道平面,67.26,2350000,,RPOQNLQKLHGGFKD58CB
永康區,房地(土地+建物)+車位,臺南市永康區橋北段0039地號P20戶1樓,31.9,住,,,1090703,土地1建物1車位2,一層,14,店面(店鋪),商業用,鋼筋混凝土造,,166.88,0,0,1,有,無,13900000,117446,坡道平面,67.26,2200000,,RPPQNLQKLHGGFKD68CB
永康區,房地(土地+建物)+車位,臺南市永康區橋北段0039地號P21戶1樓,31.9,住,,,1090702,土地1建物1車位2,一層,14,店面(店鋪),商業用,鋼筋混凝土造,,166.88,0,0,1,有,無,13950000,115941,坡道平面,67.26,2400000,,RPQQNLQKLHGGFKD78CB
永康區,房地(土地+建物)+車位,臺南市永康區橋北段0039地號P22戶1樓,43.86,住,,,1090714,土地1建物1車位2,一層,14,店面(店鋪),商業用,鋼筋混凝土造,,199.62,0,0,1,有,無,16860000,111136,坡道平面,67.26,2150000,,RPSQNLQKLHGGFKD98CB
永康區,房地(土地+建物)+車位,臺南市永康區橋北段0039地號P23戶1樓,41.69,住,,,1090703,土地1建物1車位2,一層,14,店面(店鋪),商業用,鋼筋混凝土造,,196.77,0,0,1,有,無,17870000,123311,坡道平面,67.26,1900000,,RPTQNLQKLHGGFKD09CB
永康區,房地(土地+建物)+車位,臺南市永康區橋北段0039地號P25戶1樓,38.25,住,,,1090707,土地1建物1車位2,一層,14,店面(店鋪),商業用,鋼筋混凝土造,,185.66,0,0,1,有,無,16970000,124885,坡道平面,66.19,2050000,,RPUQNLQKLHGGFKD56CB
安南區,房地(土地+建物)+車位,臺南市安南區培安路305巷旁 C1-02,15.75,住,,,1080507,土地1建物1車位1,二層,15,住宅大樓(11層含以上有電梯),住家用,鋼筋混凝土造,,121.94,2,2,2,有,無,4940000,41839,坡道平面,30.16,1100000,,RPOOMLSKLHGGFBD57CB
安南區,房地(土地+建物)+車位,臺南市安南區培安路305巷旁 C1-11,14.96,住,,,1080903,土地1建物1車位1,十一層,15,住宅大樓(11層含以上有電梯),住家用,鋼筋混凝土造,,117.04,2,2,2,有,無,5000000,44890,坡道平面,30.16,1100000,,RPQOMLSKLHGGFBD77CB
安南區,房地(土地+建物)+車位,臺南市安南區培安路305巷旁 C1-12,14.96,住,,,1080813,土地1建物1車位1,十二層,15,住宅大樓(11層含以上有電梯),住家用,鋼筋混凝土造,,117.04,2,2,2,有,無,5010000,45005,坡道平面,30.16,1100000,,RPROMLSKLHGGFBD87CB
安南區,房地(土地+建物)+車位,臺南市安南區培安路305巷旁 C1-13,14.96,住,,,1081231,土地1建物1車位1,十三層,15,住宅大樓(11層含以上有電梯),住家用,鋼筋混凝土造,,117.04,2,2,2,有,無,5150000,46616,坡道平面,30.16,1100000,,RPSOMLSKLHGGFBD97CB
安南區,房地(土地+建物)+車位,臺南市安南區培安路305巷旁 C1-07,14.96,住,,,1080723,土地1建物1車位1,七層,15,住宅大樓(11層含以上有電梯),住家用,鋼筋混凝土造,,117.04,2,2,2,有,無,4980000,43508,坡道平面,30.16,1200000,,RPUOMLSKLHGGFBD18CB
安南區,房地(土地+建物)+車位,臺南市安南區培安路305巷旁 C1-08,14.96,住,,,1080917,土地1建物1車位1,八層,15,住宅大樓(11層含以上有電梯),住家用,鋼筋混凝土造,,117.04,2,2,2,有,無,5150000,45465,坡道平面,30.16,1200000,,RPVOMLSKLHGGFBD28CB
安南區,房地(土地+建物)+車位,臺南市安南區培安路305巷旁 C1-09,14.96,住,,,1081126,土地1建物1車位1,九層,15,住宅大樓(11層含以上有電梯),住家用,鋼筋混凝土造,,117.04,2,2,2,有,無,5280000,46961,坡道平面,30.16,1200000,,RPWOMLSKLHGGFBD38CB
安南區,房地(土地+建物)+車位,臺南市安南區培安路305巷旁 C1-10,14.96,住,,,1081126,土地1建物1車位1,十層,15,住宅大樓(11層含以上有電梯),住家用,鋼筋混凝土造,,117.04,2,2,2,有,無,5270000,46846,坡道平面,30.16,1200000,,RPXOMLSKLHGGFBD48CB
安南區,房地(土地+建物)+車位,臺南市安南區培安路305巷旁 C1-05,14.96,住,,,1080514,土地1建物1車位1,五層,15,住宅大樓(11層含以上有電梯),住家用,鋼筋混凝土造,,115.95,2,2,2,有,無,4660000,42127,坡道平面,29.07,1000000,,RPOPMLSKLHGGFBD67CB
安南區,房地(土地+建物)+車位,臺南市安南區培安路305巷旁 C1-14,14.96,住,,,1081008,土地1建物1車位1,十四層,15,住宅大樓(11層含以上有電梯),住家用,鋼筋混凝土造,,115.95,2,2,2,有,無,4950000,45465,坡道平面,29.07,1000000,,RPPPMLSKLHGGFBD77CB
安南區,房地(土地+建物)+車位,臺南市安南區培安路305巷旁 C1-03,14.96,住,,,1080507,土地1建物1車位1,三層,15,住宅大樓(11層含以上有電梯),住家用,鋼筋混凝土造,,115.95,2,2,2,有,無,4700000,41436,坡道平面,29.07,1100000,,RPRPMLSKLHGGFBD97CB
安南區,房地(土地+建物)+車位,臺南市安南區培安路305巷旁 C1-06,14.96,住,,,1080910,土地1建物1車位1,六層,15,住宅大樓(11層含以上有電梯),住家用,鋼筋混凝土造,,115.95,2,2,2,有,無,4960000,43278,坡道平面,29.07,1200000,,RPSPMLSKLHGGFBD08CB
安南區,房地(土地+建物),臺南市安南區培安路305巷旁 C1-04,14.56,住,,,1080716,土地1建物1車位0,四層,15,住宅大樓(11層含以上有電梯),住家用,鋼筋混凝土造,,86.88,2,2,2,有,無,3760000,43278,,0.0,0,,RPTPMLSKLHGGFBD18CB
安南區,房地(土地+建物),臺南市安南區培安路305巷旁 C1-15,14.56,住,,,1080910,土地1建物1車位0,十五層,15,住宅大樓(11層含以上有電梯),住家用,鋼筋混凝土造,,86.88,2,2,2,有,無,4120000,47422,,0.0,0,,RPUPMLSKLHGGFBD28CB
安南區,房地(土地+建物)+車位,臺南市安南區培安路305巷旁 C2-02,21.26,住,,,1091024,土地1建物1車位1,二層,15,住宅大樓(11層含以上有電梯),住家用,鋼筋混凝土造,,154.64,3,2,2,有,無,6660000,43059,坡道平面,30.16,1300000,,RPOQMLSKLHGGFBD77CB
安南區,房地(土地+建物)+車位,臺南市安南區培安路305巷旁 C2-08,21.26,住,,,1090725,土地1建物1車位1,八層,15,住宅大樓(11層含以上有電梯),住家用,鋼筋混凝土造,,154.64,3,2,2,有,無,7190000,47317,坡道平面,30.16,1300000,,RPPQMLSKLHGGFBD87CB
安南區,房地(土地+建物)+車位,臺南市安南區培安路305巷旁 C2-10,21.26,住,,,1090822,土地1建物1車位1,十層,15,住宅大樓(11層含以上有電梯),住家用,鋼筋混凝土造,,154.64,3,2,2,有,無,7320000,48361,坡道平面,30.16,1300000,,RPQQMLSKLHGGFBD97CB
安南區,房地(土地+建物)+車位,臺南市安南區培安路305巷旁 C2-12,21.26,住,,,1081001,土地1建物1車位1,十二層,15,住宅大樓(11層含以上有電梯),住家用,鋼筋混凝土造,,154.64,3,2,2,有,無,6800000,44184,坡道平面,30.16,1300000,,RPRQMLSKLHGGFBD08CB
安南區,房地(土地+建物)+車位,臺南市安南區培安路305巷旁 C2-13,21.26,住,,,1090204,土地1建物1車位1,十三層,15,住宅大樓(11層含以上有電梯),住家用,鋼筋混凝土造,,154.64,3,2,2,有,無,6880000,44826,坡道平面,30.16,1300000,,RPSQMLSKLHGGFBD18CB
安南區,房地(土地+建物)+車位,臺南市安南區培安路305巷旁 C2-04,21.26,住,,,1080806,土地1建物1車位1,四層,15,住宅大樓(11層含以上有電梯),住家用,鋼筋混凝土造,,154.64,3,2,2,有,無,6310000,41051,坡道平面,30.16,1200000,,RPTQMLSKLHGGFBD28CB
安南區,房地(土地+建物)+車位,臺南市安南區培安路305巷旁 C2-05,21.26,住,,,1080813,土地1建物1車位1,五層,15,住宅大樓(11層含以上有電梯),住家用,鋼筋混凝土造,,154.64,3,2,2,有,無,6400000,41774,坡道平面,30.16,1200000,,RPUQMLSKLHGGFBD38CB
安南區,房地(土地+建物)+車位,臺南市安南區培安路305巷旁 C2-06,21.26,住,,,1080730,土地1建物1車位1,六層,15,住宅大樓(11層含以上有電梯),住家用,鋼筋混凝土造,,154.64,3,2,2,有,無,6400000,41774,坡道平面,30.16,1200000,,RPVQMLSKLHGGFBD48CB
安南區,房地(土地+建物)+車位,臺南市安南區培安路305巷旁 C2-11,21.26,住,,,1080827,土地1建物1車位1,十一層,15,住宅大樓(11層含以上有電梯),住家用,鋼筋混凝土造,,154.64,3,2,2,有,無,6660000,43862,坡道平面,30.16,1200000,,RPWQMLSKLHGGFBD58CB
安南區,房地(土地+建物)+車位,臺南市安南區培安路305巷旁 C2-15,21.26,住,,,1090815,土地1建物1車位1,十五層,15,住宅大樓(11層含以上有電梯),住家用,鋼筋混凝土造,,154.64,3,2,2,有,無,6800000,44987,坡道平面,30.16,1200000,,RPXQMLSKLHGGFBD68CB
安南區,房地(土地+建物)+車位,臺南市安南區培安路305巷旁 C2-03,21.26,住,,,1091114,土地1建物1車位1,三層,15,住宅大樓(11層含以上有電梯),住家用,鋼筋混凝土造,,154.64,3,2,2,有,無,6800000,45790,坡道平面,30.16,1100000,,RPORMLSKLHGGFBD87CB
安南區,房地(土地+建物)+車位,臺南市安南區培安路305巷旁 C2-14,21.26,住,,,1090524,土地1建物1車位1,十四層,15,住宅大樓(11層含以上有電梯),住家用,鋼筋混凝土造,,154.64,3,2,2,有,無,6820000,45951,坡道平面,30.16,1100000,,RPPRMLSKLHGGFBD97CB
安南區,房地(土地+建物)+車位,臺南市安南區培安路305巷旁 C2-07,21.26,住,,,1090114,土地1建物1車位1,七層,15,住宅大樓(11層含以上有電梯),住家用,鋼筋混凝土造,,153.55,3,2,2,有,無,6750000,45389,坡道平面,29.07,1100000,,RPQRMLSKLHGGFBD08CB
安南區,房地(土地+建物)+車位,臺南市安南區培安路305巷旁 C2-09,21.26,住,,,1091129,土地1建物1車位1,九層,15,住宅大樓(11層含以上有電梯),住家用,鋼筋混凝土造,,153.55,3,2,2,有,無,7650000,51816,坡道平面,29.07,1200000,,RPRRMLSKLHGGFBD18CB
安南區,房地(土地+建物),臺南市安南區培安路305巷旁 C3-02,12.2,住,,,1080625,土地1建物1車位0,二層,15,住宅大樓(11層含以上有電梯),住家用,鋼筋混凝土造,,72.68,2,2,1,有,無,3260000,44854,,0.0,0,,RPSRMLSKLHGGFBD28CB
安南區,房地(土地+建物),臺南市安南區培安路305巷旁 C3-04,12.2,住,,,1080605,土地1建物1車位0,四層,15,住宅大樓(11層含以上有電梯),住家用,鋼筋混凝土造,,72.68,2,2,1,有,無,3220000,44304,,0.0,0,,RPTRMLSKLHGGFBD38CB
安南區,房地(土地+建物),臺南市安南區培安路305巷旁 C3-06,12.2,住,,,1090204,土地1建物1車位0,六層,15,住宅大樓(11層含以上有電梯),住家用,鋼筋混凝土造,,72.68,2,2,1,有,無,3740000,51458,,0.0,0,,RPURMLSKLHGGFBD48CB
安南區,房地(土地+建物),臺南市安南區培安路305巷旁 C3-08,12.2,住,,,1090823,土地1建物1車位0,八層,15,住宅大樓(11層含以上有電梯),住家用,鋼筋混凝土造,,72.68,2,2,1,有,無,3960000,54485,,0.0,0,,RPVRMLSKLHGGFBD58CB
安南區,房地(土地+建物),臺南市安南區培安路305巷旁 C3-09,12.2,住,,,1090802,土地1建物1車位0,九層,15,住宅大樓(11層含以上有電梯),住家用,鋼筋混凝土造,,72.68,2,2,1,有,無,3880000,53385,,0.0,0,,RPXRMLSKLHGGFBD78CB
安南區,房地(土地+建物),臺南市安南區培安路305巷旁 C3-12,12.2,住,,,1080924,土地1建物1車位0,十二層,15,住宅大樓(11層含以上有電梯),住家用,鋼筋混凝土造,,72.68,2,2,1,有,無,3660000,50358,,0.0,0,,RPOSMLSKLHGGFBD97CB
安南區,房地(土地+建物),臺南市安南區培安路305巷旁 C3-15,12.2,住,,,1090112,土地1建物1車位0,十五層,15,住宅大樓(11層含以上有電梯),住家用,鋼筋混凝土造,,72.68,2,2,1,有,無,3580000,49257,,0.0,0,,RPPSMLSKLHGGFBD08CB
安南區,房地(土地+建物),臺南市安南區培安路305巷旁 C3-03,12.2,住,,,1080507,土地1建物1車位0,三層,15,住宅大樓(11層含以上有電梯),住家用,鋼筋混凝土造,,72.68,2,2,1,有,無,3230000,44441,,0.0,0,,RPQSMLSKLHGGFBD18CB
安南區,房地(土地+建物)+車位,臺南市安南區培安路305巷旁 C3-07,12.6,住,,,1081029,土地1建物1車位1,七層,15,住宅大樓(11層含以上有電梯),住家用,鋼筋混凝土造,,101.75,2,2,1,有,無,4380000,46505,坡道平面,29.07,1000000,,RPRSMLSKLHGGFBD28CB
安南區,房地(土地+建物)+車位,臺南市安南區培安路305巷旁 C3-10,12.6,住,,,1090211,土地1建物1車位1,十層,15,住宅大樓(11層含以上有電梯),住家用,鋼筋混凝土造,,102.84,2,2,1,有,無,4620000,47056,坡道平面,30.16,1200000,,RPSSMLSKLHGGFBD38CB
安南區,房地(土地+建物)+車位,臺南市安南區培安路305巷旁 C3-11,12.6,住,,,1090613,土地1建物1車位1,十一層,15,住宅大樓(11層含以上有電梯),住家用,鋼筋混凝土造,,102.84,2,2,1,有,無,4560000,47606,坡道平面,30.16,1100000,,RPVSMLSKLHGGFBD68CB
安南區,房地(土地+建物)+車位,臺南市安南區培安路305巷旁 C3-13,12.6,住,,,1090225,土地1建物1車位1,十三層,15,住宅大樓(11層含以上有電梯),住家用,鋼筋混凝土造,,102.84,2,2,1,有,無,4420000,45680,坡道平面,30.16,1100000,,RPWSMLSKLHGGFBD78CB
安南區,房地(土地+建物)+車位,臺南市安南區培安路305巷旁 C3-14,12.6,住,,,1081105,土地1建物1車位1,十四層,15,住宅大樓(11層含以上有電梯),住家用,鋼筋混凝土造,,102.84,2,2,1,有,無,4400000,45405,坡道平面,30.16,1100000,,RPXSMLSKLHGGFBD88CB
安南區,房地(土地+建物),臺南市安南區培安路305巷旁 C5-03,14.96,住,,,1081203,土地1建物1車位0,三層,15,住宅大樓(11層含以上有電梯),住家用,鋼筋混凝土造,,90.79,2,2,2,有,無,4480000,49345,,0.0,0,,RPOTMLSKLHGGFBD08CB
安南區,房地(土地+建物)+車位,臺南市安南區培安路305巷旁 C5-11,15.35,住,,,1090502,土地1建物1車位1,十一層,15,住宅大樓(11層含以上有電梯),住家用,鋼筋混凝土造,,120.95,2,2,2,有,無,5480000,46040,坡道平面,30.16,1300000,,RPPTMLSKLHGGFBD18CB
安南區,房地(土地+建物)+車位,臺南市安南區培安路305巷旁 C5-02,16.53,住,,,1091018,土地1建物1車位1,二層,15,住宅大樓(11層含以上有電梯),住家用,鋼筋混凝土造,,127.14,2,2,2,有,無,5900000,48464,坡道平面,30.16,1200000,,RPQTMLSKLHGGFBD28CB
安南區,房地(土地+建物)+車位,臺南市安南區培安路305巷旁 C5-07,15.35,住,,,1080716,土地1建物1車位1,七層,15,住宅大樓(11層含以上有電梯),住家用,鋼筋混凝土造,,120.95,2,2,2,有,無,5300000,45159,坡道平面,30.16,1200000,,RPSTMLSKLHGGFBD48CB
安南區,房地(土地+建物)+車位,臺南市安南區培安路305巷旁 C5-09,15.35,住,,,1090412,土地1建物1車位1,九層,15,住宅大樓(11層含以上有電梯),住家用,鋼筋混凝土造,,120.95,2,2,2,有,無,5700000,49565,坡道平面,30.16,1200000,,RPTTMLSKLHGGFBD58CB
安南區,房地(土地+建物)+車位,臺南市安南區培安路305巷旁 C5-10,15.35,住,,,1090419,土地1建物1車位1,十層,15,住宅大樓(11層含以上有電梯),住家用,鋼筋混凝土造,,120.95,2,2,2,有,無,5600000,48463,坡道平面,30.16,1200000,,RPUTMLSKLHGGFBD68CB
安南區,房地(土地+建物)+車位,臺南市安南區培安路305巷旁 C5-12,15.35,住,,,1081105,土地1建物1車位1,十二層,15,住宅大樓(11層含以上有電梯),住家用,鋼筋混凝土造,,119.86,2,2,2,有,無,5350000,46811,坡道平面,29.07,1100000,,RPPOMLTKLHGGFBD77CB
安南區,房地(土地+建物)+車位,臺南市安南區培安路305巷旁 C5-13,15.35,住,,,1090809,土地1建物1車位1,十三層,15,住宅大樓(11層含以上有電梯),住家用,鋼筋混凝土造,,120.95,2,2,2,有,無,5550000,47913,坡道平面,30.16,1200000,,RPQOMLTKLHGGFBD87CB
安南區,房地(土地+建物)+車位,臺南市安南區培安路305巷旁 C5-04,15.35,住,,,1080924,土地1建物1車位1,四層,15,住宅大樓(11層含以上有電梯),住家用,鋼筋混凝土造,,120.95,2,2,2,有,無,5200000,45159,坡道平面,30.16,1100000,,RPSOMLTKLHGGFBD08CB
安南區,房地(土地+建物)+車位,臺南市安南區培安路305巷旁 C5-06,15.35,住,,,1080716,土地1建物1車位1,六層,15,住宅大樓(11層含以上有電梯),住家用,鋼筋混凝土造,,120.95,2,2,2,有,無,5230000,45490,坡道平面,30.16,1100000,,RPTOMLTKLHGGFBD18CB
安南區,房地(土地+建物)+車位,臺南市安南區培安路305巷旁 C5-08,15.35,住,,,1080806,土地1建物1車位1,八層,15,住宅大樓(11層含以上有電梯),住家用,鋼筋混凝土造,,120.95,2,2,2,有,無,5310000,46371,坡道平面,30.16,1100000,,RPUOMLTKLHGGFBD28CB
安南區,房地(土地+建物)+車位,臺南市安南區培安路305巷旁 C5-14,15.35,住,,,1090107,土地1建物1車位1,十四層,15,住宅大樓(11層含以上有電梯),住家用,鋼筋混凝土造,,120.95,2,2,2,有,無,5300000,46261,坡道平面,30.16,1100000,,RPVOMLTKLHGGFBD38CB
安南區,房地(土地+建物)+車位,臺南市安南區培安路305巷旁 C5-15,15.35,住,,,1081112,土地1建物1車位1,十五層,15,住宅大樓(11層含以上有電梯),住家用,鋼筋混凝土造,,120.95,2,2,2,有,無,5200000,45159,坡道平面,30.16,1100000,,RPWOMLTKLHGGFBD48CB
安南區,房地(土地+建物)+車位,臺南市安南區培安路305巷旁 C6-03,17.71,住,,,1090920,土地1建物1車位1,三層,15,住宅大樓(11層含以上有電梯),住家用,鋼筋混凝土造,,134.33,2,2,2,有,無,6400000,48958,坡道平面,30.16,1300000,,RPXOMLTKLHGGFBD58CB
安南區,房地(土地+建物)+車位,臺南市安南區培安路305巷旁 C6-10,17.71,住,,,1090801,土地1建物1車位1,十層,15,住宅大樓(11層含以上有電梯),住家用,鋼筋混凝土造,,134.33,2,2,2,有,無,6380000,48766,坡道平面,30.16,1300000,,RPOPMLTKLHGGFBD77CB
安南區,房地(土地+建物)+車位,臺南市安南區培安路305巷旁 C6-13,17.71,住,,,1091206,土地1建物1車位1,十三層,15,住宅大樓(11層含以上有電梯),住家用,鋼筋混凝土造,,134.33,2,2,2,有,無,6600000,50878,坡道平面,30.16,1300000,,RPPPMLTKLHGGFBD87CB
安南區,房地(土地+建物)+車位,臺南市安南區培安路305巷旁 C6-15,17.71,住,,,1091122,土地1建物1車位1,十五層,15,住宅大樓(11層含以上有電梯),住家用,鋼筋混凝土造,,134.33,2,2,2,有,無,6400000,48958,坡道平面,30.16,1300000,,RPQPMLTKLHGGFBD97CB
安南區,房地(土地+建物)+車位,臺南市安南區培安路305巷旁 C6-04,17.71,住,,,1090314,土地1建物1車位1,四層,15,住宅大樓(11層含以上有電梯),住家用,鋼筋混凝土造,,134.33,2,2,2,有,無,6100000,47038,坡道平面,30.16,1200000,,RPRPMLTKLHGGFBD08CB
安南區,房地(土地+建物)+車位,臺南市安南區培安路305巷旁 C6-11,17.71,住,,,1091025,土地1建物1車位1,十一層,15,住宅大樓(11層含以上有電梯),住家用,鋼筋混凝土造,,134.33,2,2,2,有,無,6420000,50110,坡道平面,30.16,1200000,,RPSPMLTKLHGGFBD18CB
安南區,房地(土地+建物)+車位,臺南市安南區培安路305巷旁 C6-12,17.71,住,,,1080917,土地1建物1車位1,十二層,15,住宅大樓(11層含以上有電梯),住家用,鋼筋混凝土造,,134.33,2,2,2,有,無,6050000,46559,坡道平面,30.16,1200000,,RPTPMLTKLHGGFBD28CB
安南區,房地(土地+建物)+車位,臺南市安南區培安路305巷旁 C6-05,17.71,住,,,1081001,土地1建物1車位1,五層,15,住宅大樓(11層含以上有電梯),住家用,鋼筋混凝土造,,134.33,2,2,2,有,無,6000000,47038,坡道平面,30.16,1100000,,RPUPMLTKLHGGFBD38CB
安南區,房地(土地+建物)+車位,臺南市安南區培安路305巷旁 C6-06,17.71,住,,,1080514,土地1建物1車位1,六層,15,住宅大樓(11層含以上有電梯),住家用,鋼筋混凝土造,,133.24,2,2,2,有,無,5650000,43679,坡道平面,29.07,1100000,,RPXPMLTKLHGGFBD68CB
安南區,房地(土地+建物)+車位,臺南市安南區培安路305巷旁 C6-07,17.71,住,,,1080709,土地1建物1車位1,七層,15,住宅大樓(11層含以上有電梯),住家用,鋼筋混凝土造,,133.24,2,2,2,有,無,5800000,45119,坡道平面,29.07,1100000,,RPOQMLTKLHGGFBD87CB
安南區,房地(土地+建物)+車位,臺南市安南區培安路305巷旁 C6-08,17.71,住,,,1080605,土地1建物1車位1,八層,15,住宅大樓(11層含以上有電梯),住家用,鋼筋混凝土造,,133.24,2,2,2,有,無,5850000,44639,坡道平面,29.07,1200000,,RPPQMLTKLHGGFBD97CB
安南區,房地(土地+建物),臺南市安南區培安路305巷旁 C6-14,17.32,住,,,1081224,土地1建物1車位0,十四層,15,住宅大樓(11層含以上有電梯),住家用,鋼筋混凝土造,,104.17,2,2,2,有,無,5180000,49726,,0.0,0,,RPQQMLTKLHGGFBD08CB
安南區,房地(土地+建物)+車位,臺南市安南區培安路305巷旁 C7-02,20.08,住,,,1080507,土地1建物1車位1,二層,15,住宅大樓(11層含以上有電梯),住家用,鋼筋混凝土造,,147.42,3,2,2,有,無,6410000,44431,坡道平面,30.16,1200000,,RPRQMLTKLHGGFBD18CB
安南區,房地(土地+建物)+車位,臺南市安南區培安路305巷旁 C7-05,18.89,住,,,1080528,土地1建物1車位1,五層,15,住宅大樓(11層含以上有電梯),住家用,鋼筋混凝土造,,140.25,3,2,2,有,無,5930000,42965,坡道平面,30.16,1200000,,RPSQMLTKLHGGFBD28CB
安南區,房地(土地+建物)+車位,臺南市安南區培安路305巷旁 C7-06,18.89,住,,,1080723,土地1建物1車位1,六層,15,住宅大樓(11層含以上有電梯),住家用,鋼筋混凝土造,,140.25,3,2,2,有,無,6050000,44055,坡道平面,30.16,1200000,,RPTQMLTKLHGGFBD38CB
安南區,房地(土地+建物)+車位,臺南市安南區培安路305巷旁 C7-09,18.89,住,,,1080806,土地1建物1車位1,九層,15,住宅大樓(11層含以上有電梯),住家用,鋼筋混凝土造,,140.25,3,2,2,有,無,6150000,44963,坡道平面,30.16,1200000,,RPUQMLTKLHGGFBD48CB
安南區,房地(土地+建物)+車位,臺南市安南區培安路305巷旁 C7-10,18.89,住,,,1080827,土地1建物1車位1,十層,15,住宅大樓(11層含以上有電梯),住家用,鋼筋混凝土造,,140.25,3,2,2,有,無,6180000,45236,坡道平面,30.16,1200000,,RPVQMLTKLHGGFBD58CB
安南區,房地(土地+建物)+車位,臺南市安南區培安路305巷旁 C7-11,18.89,住,,,1081008,土地1建物1車位1,十一層,15,住宅大樓(11層含以上有電梯),住家用,鋼筋混凝土造,,140.25,3,2,2,有,無,6180000,45236,坡道平面,30.16,1200000,,RPWQMLTKLHGGFBD68CB
安南區,房地(土地+建物)+車位,臺南市安南區培安路305巷旁 C7-15,18.89,住,,,1081119,土地1建物1車位1,十五層,15,住宅大樓(11層含以上有電梯),住家用,鋼筋混凝土造,,140.25,3,2,2,有,無,6050000,44055,坡道平面,30.16,1200000,,RPXQMLTKLHGGFBD78CB
安南區,房地(土地+建物)+車位,臺南市安南區培安路305巷旁 C7-12,18.89,住,,,1081015,土地1建物1車位1,十二層,15,住宅大樓(11層含以上有電梯),住家用,鋼筋混凝土造,,140.25,3,2,2,有,無,6320000,45599,坡道平面,30.16,1300000,,RPORMLTKLHGGFBD97CB
安南區,房地(土地+建物)+車位,臺南市安南區培安路305巷旁 C7-13,18.89,住,,,1081217,土地1建物1車位1,十三層,15,住宅大樓(11層含以上有電梯),住家用,鋼筋混凝土造,,140.25,3,2,2,有,無,6430000,46598,坡道平面,30.16,1300000,,RPPRMLTKLHGGFBD08CB
安南區,房地(土地+建物)+車位,臺南市安南區培安路305巷旁 C7-14,18.89,住,,,1081008,土地1建物1車位1,十四層,15,住宅大樓(11層含以上有電梯),住家用,鋼筋混凝土造,,140.25,3,2,2,有,無,6290000,45327,坡道平面,30.16,1300000,,RPQRMLTKLHGGFBD18CB
安南區,房地(土地+建物)+車位,臺南市安南區培安路305巷旁 C7-03,18.89,住,,,1081029,土地1建物1車位1,三層,15,住宅大樓(11層含以上有電梯),住家用,鋼筋混凝土造,,140.25,3,2,2,有,無,6150000,44055,坡道平面,30.16,1300000,,RPRRMLTKLHGGFBD28CB
安南區,房地(土地+建物)+車位,臺南市安南區培安路305巷旁 C7-04,18.89,住,,,1081217,土地1建物1車位1,四層,15,住宅大樓(11層含以上有電梯),住家用,鋼筋混凝土造,,140.25,3,2,2,有,無,5980000,44327,坡道平面,30.16,1100000,,RPSRMLTKLHGGFBD38CB
安南區,房地(土地+建物)+車位,臺南市安南區培安路305巷旁 C7-07,18.89,住,,,1090107,土地1建物1車位1,七層,15,住宅大樓(11層含以上有電梯),住家用,鋼筋混凝土造,,140.25,3,2,2,有,無,6310000,47325,坡道平面,30.16,1100000,,RPTRMLTKLHGGFBD48CB
安南區,房地(土地+建物)+車位,臺南市安南區培安路305巷旁 C7-08,18.89,住,,,1091213,土地1建物1車位1,八層,15,住宅大樓(11層含以上有電梯),住家用,鋼筋混凝土造,,140.25,3,2,2,有,無,6980000,53411,坡道平面,30.16,1100000,,RPURMLTKLHGGFBD58CB
安南區,房地(土地+建物),臺南市安南區培安路305巷旁 S2,15.35,住,,,1091017,土地1建物1車位0,一層,15,店面(店鋪),住商用,鋼筋混凝土造,,97.64,0,0,0,無,無,8000000,81934,,0.0,0,,RPVRMLTKLHGGFBD68CB
安南區,房地(土地+建物),臺南市安南區培安路305巷旁 S3,14.96,住,,,1090704,土地1建物1車位0,一層,15,店面(店鋪),住商用,鋼筋混凝土造,,95.2,0,0,0,無,無,7800000,81933,,0.0,0,,RPWRMLTKLHGGFBD78CB
安南區,房地(土地+建物)+車位,臺南市安南區培安路305巷旁 S5,20.08,住,,,1090628,土地1建物1車位1,一層,15,店面(店鋪),住商用,鋼筋混凝土造,,153.55,0,0,0,無,無,11200000,81044,坡道平面,30.16,1200000,,RPXRMLTKLHGGFBD88CB
安南區,房地(土地+建物)+車位,臺南市安南區培安路305巷旁 A2-15,17.32,住,,,1080625,土地1建物1車位1,十五層,15,住宅大樓(11層含以上有電梯),住家用,鋼筋混凝土造,,132.85,3,2,2,有,無,5020000,42263,坡道平面,30.16,680000,親友、員工或其他特殊關係間之交易。；,RPOSMLTKLHGGFBD08CB
安南區,房地(土地+建物)+車位,臺南市安南區培安路305巷旁 A3-02,14.17,住,,,1081001,土地1建物1車位1,二層,15,住宅大樓(11層含以上有電梯),住家用,鋼筋混凝土造,,112.6,2,2,1,有,無,4380000,44275,坡道平面,30.16,730000,親友、員工或其他特殊關係間之交易。；,RPPSMLTKLHGGFBD18CB
安南區,房地(土地+建物)+車位,臺南市安南區培安路305巷旁 B3-03,15.35,住,,,1090310,土地1建物1車位1,三層,15,住宅大樓(11層含以上有電梯),住家用,鋼筋混凝土造,,120.95,2,2,2,有,無,4980000,46921,坡道平面,30.16,720000,親友、員工或其他特殊關係間之交易。；,RPRSMLTKLHGGFBD38CB
安南區,房地(土地+建物)+車位,臺南市安南區培安路305巷旁 B3-09,15.35,住,,,1090310,土地1建物1車位1,九層,15,住宅大樓(11層含以上有電梯),住家用,鋼筋混凝土造,,120.95,2,2,2,有,無,5100000,48243,坡道平面,30.16,720000,親友、員工或其他特殊關係間之交易。；,RPSSMLTKLHGGFBD48CB
安南區,房地(土地+建物)+車位,臺南市安南區培安路305巷旁 B6-14,21.65,住,,,1081224,土地1建物1車位1,十四層,15,住宅大樓(11層含以上有電梯),住家用,鋼筋混凝土造,,157.84,3,2,2,有,無,6300000,43546,坡道平面,30.16,740000,親友、員工或其他特殊關係間之交易。；,RPUSMLTKLHGGFBD68CB
安南區,房地(土地+建物),臺南市安南區培安路305巷旁 C3-05,12.2,住,,,1080625,土地1建物1車位0,五層,15,住宅大樓(11層含以上有電梯),住家用,鋼筋混凝土造,,72.68,2,2,1,有,無,3140000,43203,,0.0,0,親友、員工或其他特殊關係間之交易。；,RPWSMLTKLHGGFBD88CB
安南區,房地(土地+建物)+車位,臺南市安南區培安路305巷旁 C5-05,15.35,住,,,1080625,土地1建物1車位1,五層,15,住宅大樓(11層含以上有電梯),住家用,鋼筋混凝土造,,120.95,2,2,2,有,無,4910000,45159,坡道平面,30.16,810000,親友、員工或其他特殊關係間之交易。；,RPXSMLTKLHGGFBD98CB
安南區,房地(土地+建物)+車位,臺南市安南區培安路305巷旁 B3-02,16.53,住,,,1090808,土地1建物1車位1,二層,15,住宅大樓(11層含以上有電梯),住家用,鋼筋混凝土造,,127.14,2,2,2,有,無,5830000,46711,坡道平面,30.16,1300000,,RPOTMLTKLHGGFBD18CB
