編號,屋齡,建物移轉面積平方公尺,主要用途,主要建材,建築完成日期,總層數,建物分層
The serial number,room age,building shifting area square meter,the main use,main building materials,construction completes the date,total layer,building lamination
RPPNMLRJNHHGFBQ98DA,28,148.57,住商用,ＲＣ造磚材料,82年12月29日,三層,一層 二層 三層 騎樓 電梯樓梯間
RPPNMLKKNHHGFEQ78EA,24,85.75,住家用,鋼筋混凝土造,87年7月17日,八層,六層 陽台 雨遮
RPPNMLKKNHHGFEQ78EA,24,32.85,防空避難室兼停車空間、梯間、機械室、水箱、車道、門廊、管理員室。　,鋼筋混凝土造,87年7月17日,八層,
RPPNMLSJNHHGFDQ66DA,18,4.85,集合住宅,鋼筋混凝土造,93年6月9日,五層,
RPPNMLSJNHHGFDQ66DA,18,17.07,集合住宅,鋼筋混凝土造,93年6月9日,五層,一層 陽台
RPSNMLNJNHHGFBQ88DA,16,4.20,共有部分,鋼筋混凝土造,95年8月28日,,
RPSNMLNJNHHGFBQ88DA,16,15.06,住家用,鋼筋混凝土造,95年8月28日,八層,三層 陽台
RPSNMLNJNHHGFBQ88DA,16,5.78,共有部分,鋼筋混凝土造,95年8月28日,,
RPUNMLRKNHHGFBQ96DA,26,153.40,住家用,見其他登記事項,84年11月23日,二層,一層 二層
RPUNMLRKNHHGFBQ96DA,24,90.75,住家用,鐵骨造,86年12月27日,一層,一層
RPSNMLPKNHHGFBQ56DA,45,84.80,住家用,鋼筋混凝土加強磚造,66年1月4日,二層,一層 二層
RPWNMLNKNHHGFBQ76DA,16,4.20,共有部分,鋼筋混凝土造,95年8月28日,,
RPWNMLNKNHHGFBQ76DA,16,15.06,住家用,鋼筋混凝土造,95年8月28日,八層,二層 陽台
RPWNMLNKNHHGFBQ76DA,16,5.78,共有部分,鋼筋混凝土造,95年8月28日,,
RPWNMLNKNHHGFDQ96DA,25,27.89,水箱、防空避難室兼停車場、電梯、樓梯間機械室,鋼筋混凝土造,86年1月17日,七層,
RPWNMLNKNHHGFDQ96DA,25,58.67,一般事務所,鋼筋混凝土造,86年1月17日,七層,七層 陽台
RPPNMLNKNHHGFBQ68DA,45,101.87,住家用,鋼筋混凝土加強磚造,66年7月1日,二層,一層 二層 騎樓
RPTNMLRKNHHGFDQ17EA,41,108.79,住商用,鋼筋混凝土加強磚造,70年1月23日,二層,一層 二層 騎樓
RPWNMLTKNHHGFDQ57DA,27,166.49,住家用,鋼筋混凝土造,84年9月12日,三層,一層 二層 三層 陽台 電梯樓梯間
RPQOMLNKNHHGFDQ09DA,40,128.42,住家用,鋼筋混凝土加強磚造,70年12月29日,三層,一層 二層 三層 騎樓
RPOQMLLKNHHGFBQ68DA,10,419.50,農舍,鋼筋混凝土造,101年4月18日,三層,一層 二層 三層
RPQNMLNKNHHGFBQ78DA,26,178.41,農舍,鋼筋混凝土加強磚造,84年11月24日,二層,一層 二層 電梯樓梯間
RPOOMLNLNHHGFBQ78DA,43,137.67,住家用,鋼筋混凝土加強磚造,68年7月1日,二層,一層 二層 陽台 見其他登記事項
RPQNMLQKNHHGFDQ66DA,17,1.59,門廳、遊憩設施,鋼筋混凝土造,94年8月26日,三層,一層 二層 三層
RPQNMLQKNHHGFDQ66DA,17,5.08,門廳、遊憩設施、機械空間、梯間、游泳池,鋼筋混凝土造,94年8月26日,二層,一層 二層 地下一層 地下二層
RPQNMLQKNHHGFDQ66DA,15,204.60,集合住宅、停車空間,鋼筋混凝土造,95年12月22日,四層,一層 二層 三層 四層 見其他登記事項
RPQOMLNLNHHGFCQ09DA,24,665.97,住家用,鋼構造,87年1月13日,三層,一層 二層 三層
RPUNMLOLNHHGFCQ86DA,,190.12,住宅、樓梯間,鋼筋混凝土造,111年3月9日,三層,一層 二層 三層 見其他登記事項 見其他登記事項
RPXNMLOLNHHGFCQ17DA,,201.62,住宅、樓梯間,鋼筋混凝土造,111年3月9日,三層,一層 二層 三層 見其他登記事項 見其他登記事項
RPOPMLNLNHHGFBQ88DA,1,169.50,住家用,鋼筋混凝土造,110年5月3日,三層,一層 二層 三層 陽台
RPVOMLOLNHHGFCQ07DA,,190.58,住宅、樓梯間,鋼筋混凝土造,111年3月9日,三層,一層 二層 三層 見其他登記事項 見其他登記事項
RPTNMLNJNHHGFBQ98DA,16,4.20,共有部分,鋼筋混凝土造,95年8月28日,,
RPTNMLNJNHHGFBQ98DA,16,4.20,共有部分,鋼筋混凝土造,95年8月28日,,
RPTNMLNJNHHGFBQ98DA,16,15.06,住家用,鋼筋混凝土造,95年8月28日,八層,四層 陽台
RPTNMLNJNHHGFBQ98DA,16,15.06,住家用,鋼筋混凝土造,95年8月28日,八層,四層 陽台
RPTNMLNJNHHGFBQ98DA,16,5.78,共有部分,鋼筋混凝土造,95年8月28日,,
RPTNMLNJNHHGFBQ98DA,16,5.78,共有部分,鋼筋混凝土造,95年8月28日,,
RPRNMLOLNHHGFBQ09DA,16,75.62,商業用,鋼筋混凝土造,95年8月28日,八層,一層 陽台
RPRNMLOLNHHGFBQ09DA,16,44.49,共有部分,鋼筋混凝土造,95年8月28日,,
RPOOMLLKNHHGFCQ58DA,46,122.40,住家用,鋼筋混凝土加強磚造,65年9月10日,二層,一層 二層 電梯樓梯間
RPXNMLQLNHHGFCQ37DA,1,216.75,住家用,鋼筋混凝土造,110年5月31日,四層,一層 二層 三層 四層 見其他登記事項
RPPPMLOLNHHGFCQ56DA,,181.41,住宅、樓梯間,鋼筋混凝土造,111年3月9日,三層,一層 二層 三層 見其他登記事項 見其他登記事項
RPRNMLKMNHHGFBQ78DA,42,109.80,住家用,鋼筋混凝土加強磚造,69年9月10日,二層,一層 二層
RPWNMLQLNHHGFCQ27DA,37,115.98,住家用,鋼筋混凝土加強磚造,74年8月9日,二層,一層 二層 電梯樓梯間
RPQNMLQLNHHGFDQ76DA,17,7.19,停車空間、電信室、台電配電室、機械室、集合住宅,鋼筋混凝土造,94年8月15日,五層,
RPQNMLQLNHHGFDQ76DA,17,16.15,集合住宅,鋼筋混凝土造,94年8月15日,五層,三層 陽台
RPTNMLKMNHHGFEQ66DA,28,148.86,住家用,鋼筋混凝土造,83年6月28日,三層,一層 二層 三層 電梯樓梯間
RPVNMLKMNHHGFCQ76EA,43,51.23,住家用,鋼筋混凝土加強磚造,68年5月20日,二層,一層 二層 電梯樓梯間
RPPNMLQJNHHGFCQ98DA,4,299.37,住宅、店舖、門廊,鋼筋混凝土造,107年9月4日,二層,一層 二層 見其他登記事項
RPOOMLNLNHHGFCQ88DA,28,8.66,共有部分,鋼筋混凝土造,83年8月10日,七層,
RPOOMLNLNHHGFCQ88DA,28,13.25,共有部分,鋼筋混凝土造,83年8月10日,七層,
RPOOMLNLNHHGFCQ88DA,28,78.52,集合住宅,鋼筋混凝土造,83年8月10日,七層,五層 陽台 花台
RPRNMLLMNHHGFBQ88DA,40,115.18,住家用,鋼筋混凝土加強磚造,71年1月1日,二層,一層 二層 騎樓 電梯樓梯間
RPPNMLLJOHHGFCQ58DA,,237.92,住家用,鋼筋混凝土造,111年3月9日,四層,一層 二層 三層 四層 見其他登記事項
RPPNMLKLNHHGFDQ68DA,25,170.44,住商用,鋼筋混凝土加強磚造,86年3月5日,三層,一層 二層 三層 電梯樓梯間
RPRNMLNLNHHGFCQ56EA,45,467.98,店鋪．住房．辦公室,鋼筋混凝土造,65年11月17日,四層,一層 二層 三層 四層 騎樓 電梯樓梯間
RPSNMLNLNHHGFCQ66EA,45,194.64,住商用,鋼筋混凝土造,65年11月17日,三層,一層 二層 三層 騎樓
RPPNMLNJOHHGFBQ68DA,36,188.06,住商用,鋼筋混凝土加強磚造,75年10月22日,三層,一層 二層 三層 騎樓 電梯樓梯間
RPPNMLOJOHHGFBQ78DA,16,4.20,共有部分,鋼筋混凝土造,95年8月28日,,
RPPNMLOJOHHGFBQ78DA,16,15.06,住家用,鋼筋混凝土造,95年8月28日,八層,三層 陽台
RPPNMLOJOHHGFBQ78DA,16,5.78,共有部分,鋼筋混凝土造,95年8月28日,,
RPQNMLRJOHHGFBQ56DA,2,254.78,店鋪、住宅、停車空間、樓梯間,鋼筋混凝土造,109年5月8日,四層,一層 二層 三層 四層 陽台 見其他登記事項
RPPNMLKMNHHGFCQ68DA,41,61.51,住家用,磚造,69年12月1日,一層,一層
RPQNMLLJOHHGFDQ78DA,1,159.57,住家用,鋼筋混凝土造,110年7月22日,二層,一層 二層 陽台
RPPNMLKLNHHGFCQ68EA,41,35.48,住家用,磚造,70年10月13日,一層,一層
RPSNMLSKNHHGFEQ17DA,35,122.46,住家用,鋼筋混凝土加強磚造,76年6月13日,二層,一層 二層 電梯樓梯間
RPQNMLRJOHHGFEQ96EA,30,142.99,住家用,加強磚造,81年8月13日,二層,一層 二層 電梯樓梯間
RPXNMLQJOHHGFCQ37EA,28,128.51,住商用,鋼筋混凝土造,83年7月1日,三層,一層 二層 三層 見其他登記事項
RPWNMLRLNHHGFDQ47DA,29,1.97,梯間,鋼筋混凝土造,82年10月6日,九層,
RPWNMLRLNHHGFDQ47DA,29,10.79,梯間,鋼筋混凝土造,82年10月6日,九層,
RPWNMLRLNHHGFDQ47DA,29,5.20,避難室、停車場,鋼筋混凝土造,82年10月6日,9,
RPWNMLRLNHHGFDQ47DA,29,33.14,集合住宅,鋼筋混凝土造,82年10月6日,九層,二層 陽台
RPUNMLMJOHHGFDQ66DA,4,201.30,住家用,鋼筋混凝土造,107年2月21日,四層,一層 二層 三層 四層 陽台
RPOOMLRJOHHGFBQ09DA,4,88.98,Ｈ２住宅、樓梯間,鋼筋混凝土造,107年11月3日,三層,一層 二層 三層 屋頂突出物
RPTNMLLKNHHGFDQ09DA,29,85.00,農舍,鐵骨造,81年12月22日,一層,一層
RPPNMLPJOHHGFCQ98DA,26,170.88,住家用,鋼筋混凝土造,85年4月30日,三層,一層 二層 三層 電梯樓梯間 見其他登記事項
RPWNMLRJOHHGFEQ47DA,40,98.21,住家用,鋼筋混凝土加強磚造,70年12月31日,二層,一層 二層 騎樓
RPROMLNKNHHGFDQ56DA,2,244.20,工業用,鋼骨構造,109年3月16日,一層,一層
RPRNMLSJMHHGFBQ56DA,37,127.88,住家用,鋼筋混凝土加強磚造,74年6月26日,二層,一層 二層 騎樓
RPSNMLRJMHHGFDQ76DA,18,399.12,車庫、機電室、住房,鋼筋混凝土造,93年5月13日,五層,一層 二層 三層 四層 五層 見其他登記事項
RPUNMLNKMHHGFBQ09DA,16,19.19,住家用,鋼筋混凝土造,95年8月28日,八層,二層 陽台
RPUNMLNKMHHGFBQ09DA,16,4.61,共有部分,鋼筋混凝土造,95年8月28日,,
RPUNMLNKMHHGFBQ09DA,16,7.43,共有部分,鋼筋混凝土造,95年8月28日,,
RPVNMLTKMHHGFBQ17DA,16,4.20,共有部分,鋼筋混凝土造,95年8月28日,,
RPVNMLTKMHHGFBQ17DA,16,15.06,住家用,鋼筋混凝土造,95年8月28日,八層,三層 陽台
RPVNMLTKMHHGFBQ17DA,16,5.78,共有部分,鋼筋混凝土造,95年8月28日,,
RPQOMLRJMHHGFBQ09DA,16,4.20,共有部分,鋼筋混凝土造,95年8月28日,,
RPQOMLRJMHHGFBQ09DA,16,15.06,住家用,鋼筋混凝土造,95年8月28日,八層,四層 陽台
RPQOMLRJMHHGFBQ09DA,16,5.78,共有部分,鋼筋混凝土造,95年8月28日,,
RPTNMLTKMHHGFCQ17EA,42,92.71,住家用,加強磚造、木石磚造（磚石造）,69年5月15日,一層,一層
RPTNMLLLMHHGFBQ88DA,16,4.20,共有部分,鋼筋混凝土造,95年8月28日,,
RPTNMLLLMHHGFBQ88DA,16,15.06,住家用,鋼筋混凝土造,95年8月28日,八層,五層 陽台
RPTNMLLLMHHGFBQ88DA,16,5.78,共有部分,鋼筋混凝土造,95年8月28日,,
RPVNMLMLMHHGFBQ56DA,16,19.19,住家用,鋼筋混凝土造,95年8月28日,八層,五層 陽台
RPVNMLMLMHHGFBQ56DA,16,4.61,共有部分,鋼筋混凝土造,95年8月28日,,
RPVNMLMLMHHGFBQ56DA,16,7.43,共有部分,鋼筋混凝土造,95年8月28日,,
RPUNMLMLMHHGFBQ09DA,16,19.19,住家用,鋼筋混凝土造,95年8月28日,八層,五層 陽台
RPUNMLMLMHHGFBQ09DA,16,4.61,共有部分,鋼筋混凝土造,95年8月28日,,
RPXNMLTKMHHGFBQ37DA,31,278.99,住家用,鋼筋混凝土加強磚造,79年11月1日,二層,一層 二層 電梯樓梯間
RPUNMLMLMHHGFBQ09DA,16,7.43,共有部分,鋼筋混凝土造,95年8月28日,,
RPVNMLLLMHHGFDQ66DA,31,127.48,住家用,鋼筋混凝土造,80年6月15日,三層,一層 二層 三層
RPQNMLMLMHHGFCQ78DA,42,97.19,住家用,鋼筋混凝土加強磚造,69年6月15日,二層,一層 二層 騎樓
SPWOMLKLMHHGFBQ66DA,16,19.19,住家用,鋼筋混凝土造,95年8月28日,八層,八層 陽台
SPWOMLKLMHHGFBQ66DA,16,4.60,共有部分,鋼筋混凝土造,95年8月28日,,
SPWOMLKLMHHGFBQ66DA,16,7.43,共有部分,鋼筋混凝土造,95年8月28日,,
RPWOMLKLMHHGFBQ56DA,16,19.19,住家用,鋼筋混凝土造,95年8月28日,八層,八層 陽台
RPWOMLKLMHHGFBQ56DA,16,4.60,共有部分,鋼筋混凝土造,95年8月28日,,
RPWOMLKLMHHGFBQ56DA,16,7.43,共有部分,鋼筋混凝土造,95年8月28日,,
RPWNMLPLMHHGFBQ96DA,39,115.14,住商用,加強磚造,72年8月10日,二層,一層 二層 騎樓 電梯樓梯間
RPOOMLKLMHHGFCQ48DA,17,.50,管委會辦公室,鋼筋混凝土造,94年1月20日,五層,
RPOOMLKLMHHGFCQ48DA,17,18.41,集合住宅,鋼筋混凝土造,94年1月20日,五層,二層 陽台
RPOOMLKLMHHGFCQ48DA,17,5.34,梯廳、梯間、水箱,鋼筋混凝土造,94年1月20日,五層,
RPTNMLMLMHHGFCQ56EA,39,31.99,住家用,ＲＣ磚木造,71年12月31日,一層,一層
RPPNMLPLMHHGFCQ09EA,41,194.10,住家用,鋼筋混凝土加強磚造,70年9月26日,三層,一層 二層 三層 騎樓
RPOOMLTKMHHGFBQ56DA,38,127.50,住家用,鋼筋混凝土加強磚造,73年7月16日,二層,一層 二層 陽台 騎樓
RPPOMLPLMHHGFDQ56DA,42,150.06,住商用,鋼筋混凝土加強磚造,69年3月18日,二層,一層 二層 見其他登記事項
RPRNMLTKMHHGFBQ76DA,47,61.80,住家用,磚造,64年8月8日,一層,一層
RPROMLRLMHHGFCQ96EA,2,175.29,住宅、梯間,鋼筋混凝土造,109年4月7日,三層,一層 二層 三層 見其他登記事項 見其他登記事項
RPQNMLRLMHHGFDQ86EA,31,148.97,住家用,鋼筋混凝土造,80年2月12日,三層,一層 二層 三層 夾層
RPRNMLSLMHHGFEQ17EA,31,134.51,住商用,鋼筋混凝土造,80年5月16日,三層,一層 二層 三層 騎樓 電梯樓梯間
RPRNMLSLMHHGFCQ86DA,,174.24,住家用,鋼筋混凝土造,110年11月12日,三層,一層 二層 三層 見其他登記事項
RPRNMLNKMHHGFCQ88DA,23,324.04,雞舍,磚木造,87年10月21日,一層,一層
RPRNMLNKMHHGFCQ88DA,23,112.98,雞舍,磚木造,87年10月21日,一層,一層
RPRNMLNKMHHGFCQ88DA,23,825.26,雞舍,鋼架造,87年10月21日,一層,一層
RPRNMLNKMHHGFCQ88DA,23,800.33,雞舍、倉庫、堆肥舍,鋼架造,87年10月21日,一層,一層
RPRNMLNKMHHGFCQ88DA,23,670.09,雞舍,鋼架造,87年10月21日,一層,一層
RPRNMLNKMHHGFCQ88DA,23,607.80,雞舍,鋼架造,87年10月21日,一層,一層
RPRNMLNKMHHGFCQ88DA,23,95.74,雞舍,磚木造,87年10月21日,一層,一層
RPRNMLNKMHHGFCQ88DA,23,11.29,倉庫,磚木造,87年10月21日,一層,一層
RPRNMLNKMHHGFCQ88DA,23,144.32,看守舍,磚木造,87年10月21日,一層,一層
RPWNMLRLMHHGFCQ27DA,38,95.30,住家用,鋼筋混凝土加強磚造,73年10月2日,二層,一層 二層 電梯樓梯間
RPXNMLLKMHHGFCQ66DA,,79.89,集合住宅,鋼筋混凝土造,110年12月26日,五層,二層 見其他登記事項
RPXNMLLKMHHGFCQ66DA,,36.29,共有部分，本共有部分之項目有停車空間、梯廳、一般昇降梯、安全梯、樓梯間等５項,鋼筋混凝土造,110年12月6日,五層,
RPSOMLRLMHHGFCQ96DA,,243.68,住宅、樓梯間,鋼筋混凝土造,111年1月26日,三層,一層 二層 三層 見其他登記事項 見其他登記事項
RPTOMLRLMHHGFCQ07DA,20,99.13,集合住宅,鋼筋混凝土造,91年7月25日,五層,三層 陽台 雨遮
RPTOMLRLMHHGFCQ07DA,20,11.73,梯間、機械室、水箱,鋼筋混凝土造,91年7月25日,五層,
RPTOMLRLMHHGFCQ07DA,20,.68,蓄水池,鋼筋混凝土造,91年7月25日,五層,
RPUNMLSLMHHGFCQ27EA,28,228.44,住家用,鋼筋混凝土造,82年12月15日,四層,一層 二層 三層 四層 平台 見其他登記事項
RPPNMLMJNHHGFCQ68EA,41,68.31,住家用,磚造,69年12月15日,一層,一層
RPTNMLTKMHHGFBQ96DA,36,51.65,住家用,鋼筋混凝土加強磚造,75年5月7日,二層,一層 二層 電梯樓梯間
RPTNMLTKMHHGFBQ96DA,36,51.65,住家用,鋼筋混凝土加強磚造,75年5月7日,二層,一層 二層 電梯樓梯間
RPVNMLNJNHHGFBQ56DA,37,125.40,住家用,鋼筋混凝土加強磚造,74年2月8日,二層,一層 二層 陽台 騎樓 電梯樓梯間
RPUNMLTLMHHGFBQ17DA,2,360.62,住家用,鋼筋混凝土造,109年5月15日,四層,一層 二層 三層 四層 陽台
RPTNMLOJNHHGFBQ09DA,28,97.17,住家用,鋼筋混凝土造,83年5月12日,七層,一層 平台
RPTNMLOJNHHGFBQ09DA,28,29.98,樓梯間﹒避難室﹒停車場,鋼筋混凝土造,83年5月12日,七層,
RPPOMLOJNHHGFBQ78DA,37,63.22,住家用,鋼筋混凝土加強磚造,74年6月8日,二層,一層 二層 騎樓
RPTNMLTLMHHGFCQ17DA,44,104.14,住家用,鋼筋混凝土加強磚造,67年6月19日,二層,一層 二層
RPQNMLLJNHHGFDQ68DA,17,7.22,集合住宅、停車空間,鋼筋混凝土造,94年2月4日,五層,
RPQNMLLJNHHGFDQ68DA,17,19.73,集合住宅,鋼筋混凝土造,94年2月4日,五層,三層 陽台
RPPNMLMJNHHGFBQ58EA,16,4.20,共有部分,鋼筋混凝土造,95年8月28日,,
RPPNMLMJNHHGFBQ58EA,16,4.20,共有部分,鋼筋混凝土造,95年8月28日,,
RPPNMLMJNHHGFBQ58EA,16,15.06,住家用,鋼筋混凝土造,95年8月28日,八層,四層 陽台
RPPNMLMJNHHGFBQ58EA,16,15.06,住家用,鋼筋混凝土造,95年8月28日,八層,四層 陽台
RPPNMLMJNHHGFBQ58EA,16,5.78,共有部分,鋼筋混凝土造,95年8月28日,,
RPPNMLMJNHHGFBQ58EA,16,5.78,共有部分,鋼筋混凝土造,95年8月28日,,
RPPNMLPJNHHGFEQ56EA,6,214.86,住宅、樓梯間,鋼筋混凝土造,105年1月4日,三層,一層 二層 三層 陽台 見其他登記事項
RPPNMLKMMHHGFEQ78DA,40,113.32,住家用,鋼筋混凝土加強磚造,70年12月29日,二層,一層 二層 騎樓 電梯樓梯間
RPPNMLTJNHHGFBQ56DA,16,19.19,住家用,鋼筋混凝土造,95年8月28日,八層,四層 陽台
RPPNMLTJNHHGFBQ56DA,16,4.61,共有部分,鋼筋混凝土造,95年8月28日,,
RPQNMLTJNHHGFBQ66DA,16,19.19,住家用,鋼筋混凝土造,95年8月28日,八層,四層 陽台
RPPNMLTJNHHGFBQ56DA,16,7.43,共有部分,鋼筋混凝土造,95年8月28日,,
RPQNMLTJNHHGFBQ66DA,16,4.61,共有部分,鋼筋混凝土造,95年8月28日,,
RPQNMLTJNHHGFBQ66DA,16,7.43,共有部分,鋼筋混凝土造,95年8月28日,,
RPPNMLQJNHHGFBQ88DA,3,240.14,住宅、住宅（附屬機房）,鋼筋混凝土造,107年10月23日,四層,一層 二層 三層 四層 陽台 雨遮 屋簷 見其他登記事項
RPPNMLQJNHHGFBQ88DA,3,1.13,本共有部分之項目有電信室、郵務室、警衛室、廁所、噴灌機房、垃圾貯存室及雨遮等七項。,鋼筋混凝土造,107年10月23日,一層,
RPVNMLOJNHHGFCQ76DA,1,75.36,集合住宅,鋼筋混凝土造,110年3月2日,六層,六層 見其他登記事項
RPVNMLOJNHHGFCQ76DA,1,42.03,停車空間、樓梯間、管委會空間、安全梯、電信機房、發電機房兼消防機房及梯廳等７項。,鋼筋混凝土造,110年3月2日,六層,
RPROMLKKNHHGFDQ98EA,2,135.58,住家用,鋼筋混凝土造,109年7月27日,二層,一層 二層 陽台
RPSOMLPJNHHGFDQ76DA,29,136.13,住家用,鋼筋混凝土造,82年3月25日,三層,一層 二層 三層 見其他登記事項
RPWNMLPLMHHGFDQ17DA,18,5.71,集合住宅,鋼筋混凝土造,93年6月9日,五層,
RPWNMLPLMHHGFDQ17DA,18,19.90,集合住宅,鋼筋混凝土造,93年6月9日,五層,一層 陽台
RPWNMLTJNHHGFCQ37DA,40,47.74,住家用,鋼筋混凝土加強磚造,70年11月4日,二層,一層 二層 電梯樓梯間
RPRNMLNJNHHGFCQ88DA,40,120.29,住家用,鋼筋混凝土加強磚造,70年12月17日,二層,一層 二層 陽台
RPOOMLTJNHHGFBQ56DA,16,4.20,共有部分,鋼筋混凝土造,95年8月28日,,
RPOOMLTJNHHGFBQ56DA,16,15.06,住家用,鋼筋混凝土造,95年8月28日,八層,二層 陽台
RPOOMLTJNHHGFBQ56DA,16,5.78,共有部分,鋼筋混凝土造,95年8月28日,,
RPXNMLMJNHHGFCQ76DA,20,212.77,住商用,鋼筋混凝土造,91年1月14日,四層,一層 二層 三層 四層 見其他登記事項
RPVNMLSLMHHGFCQ27DA,27,162.12,住家用,鋼筋混凝土造,84年2月17日,三層,一層 二層 三層 平台 電梯樓梯間 見其他登記事項
RPPNMLKKNHHGFCQ58EA,32,164.41,住家用,鋼筋混凝土造,79年8月7日,三層,一層 二層 三層 騎樓 電梯樓梯間
RPROMLQJNHHGFDQ76DA,40,87.41,住家用,鋼筋混凝土造,70年12月31日,二層,一層 二層 電梯樓梯間
RPRNMLKKNHHGFEQ88DA,39,54.55,住家用,磚造,71年11月9日,一層,一層
RPUNMLTJNHHGFBQ07DA,40,110.89,住家用,鋼筋混凝土加強磚造,70年11月28日,二層,一層 二層 電梯樓梯間
RPQNMLSLMHHGFBQ66DA,28,25.79,住家用,鋼筋混凝土造,83年6月22日,三層,一層 二層 三層 陽台 電梯樓梯間
RPQNMLLKNHHGFCQ68DA,30,225.42,住家用,鋼筋混凝土造,81年6月15日,三層,一層 二層 三層 電梯樓梯間 夾層
RPSOMLTJNHHGFBQ96DA,,33.88,住家用,木造,1年1月0日,一層,一層
RPWNMLMKNHHGFBQ66DA,44,133.99,住家用,鋼筋混凝土加強磚造,67年7月30日,三層,一層 二層 三層 騎樓
RPQOMLQJNHHGFCQ56DA,29,153.93,住家用,鋼筋混凝土造,82年6月15日,三層,一層 二層 三層 電梯樓梯間
RPQOMLKKNHHGFDQ88EA,41,154.92,住家用,加強磚造、鋼鐵造、木石磚造,70年9月15日,三層,一層 二層 三層
RPSNMLKKNHHGFEQ98DA,29,118.55,住家用,鋼筋混凝土造,82年4月1日,十八層,十五層 陽台
RPSNMLKKNHHGFEQ98DA,29,19.59,梯間,鋼筋混凝土造,82年4月1日,十八層,
RPSNMLKKNHHGFEQ98DA,29,5.61,守衛室．健身房．游泳池．防空避難室兼停車場,鋼筋混凝土造,82年4月1日,,
RPUNMLNJNHHGFEQ76DA,18,83.01,農業設施,鋼筋混凝土造,93年6月11日,一層,一層
RPSNMLLKNHHGFDQ09EA,41,181.96,住家用,鋼筋混凝土加強磚造,70年5月22日,二層,一層 二層 三層
RPQNMLLKNHHGFEQ88DA,31,185.70,住家用,鋼筋混凝土造,80年10月4日,三層,一層 二層 三層 夾層
RPQNMLPLMHHGFEQ66DA,44,91.57,住家用,鋼筋混凝土加強磚造,67年1月5日,一層,一層 騎樓
RPWOMLKKNHHGFDQ76DA,41,55.08,住家用,鋼筋混凝土加強磚造,70年7月31日,二層,一層 二層
RPOOMLLKNHHGFDQ68DA,42,107.42,住家用,鋼筋混凝土加強磚造,69年1月18日,二層,一層 二層 電梯樓梯間
RPROMLOKMHHGFDQ56DA,32,438.43,營業室、休息室,鋼筋混凝土造,78年12月20日,三層,一層 二層 三層 電梯樓梯間 見其他登記事項
RPRNMLNJNHHGFBQ78DA,16,4.20,共有部分,鋼筋混凝土造,95年8月28日,,
RPRNMLNJNHHGFBQ78DA,16,4.20,共有部分,鋼筋混凝土造,95年8月28日,,
RPRNMLNJNHHGFBQ78DA,16,15.06,住家用,鋼筋混凝土造,95年8月28日,八層,五層 陽台
RPRNMLNJNHHGFBQ78DA,16,15.06,住家用,鋼筋混凝土造,95年8月28日,八層,五層 陽台
RPPNMLNJNHHGFBQ58DA,16,19.19,住家用,鋼筋混凝土造,95年8月28日,八層,八層 陽台
RPPNMLNJNHHGFBQ58DA,16,4.60,共有部分,鋼筋混凝土造,95年8月28日,,
RPPNMLNJNHHGFBQ58DA,16,7.43,共有部分,鋼筋混凝土造,95年8月28日,,
RPRNMLNJNHHGFBQ78DA,16,5.78,共有部分,鋼筋混凝土造,95年8月28日,,
RPRNMLNJNHHGFBQ78DA,16,5.78,共有部分,鋼筋混凝土造,95年8月28日,,
RPRNMLLKNHHGFCQ78DA,40,111.71,住家用,鋼筋混凝土加強磚造,70年12月29日,二層,一層 二層 陽台
RPPNMLPKNHHGFCQ98DA,43,91.50,住商用,鋼筋混凝土加強磚造,68年1月13日,二層,一層 二層 騎樓
RPSNMLKKNHHGFCQ78DA,63,123.80,住家用,鋼筋混凝土加強磚造,48年6月10日,二層,一層 二層 騎樓 廚房
RPVOMLLKNHHGFDQ76DA,42,94.58,住家用,鋼筋混凝土加強磚造,68年12月1日,二層,一層 二層
RPPNMLQKNHHGFEQ66DA,1,25.38,農業資材室,鋼骨構造、加強磚造,110年10月4日,一層,一層
RPXNMLMKNHHGFDQ07EA,26,184.43,住房、停車空間,鋼筋混凝土造,85年3月12日,五層,一層 二層 三層 四層 五層 見其他登記事項
RPRNMLNKNHHGFCQ09EA,1,237.83,住家用,鋼筋混凝土造,110年7月26日,四層,一層 二層 三層 四層 見其他登記事項
RPUNMLMKNHHGFDQ76EA,41,92.22,住家用,鋼筋混凝土加強磚造,70年7月13日,二層,一層 二層 騎樓
RPQOMLMKNHHGFDQ98DA,1,211.34,住商用,鋼筋混凝土造,109年11月6日,四層,一層 二層 三層 四層 陽台
RPPOMLNKNHHGFDQ98DA,4,218.84,店舖、住宅,鋼筋混凝土造,106年12月28日,四層,一層 二層 三層 四層 陽台 騎樓
RPTNMLNKNHHGFDQ66DA,4,189.26,住家用,鋼筋混凝土,107年2月13日,三層,一層 二層 三層 陽台
RPUNMLNKNHHGFCQ66DA,41,48.35,住家用,鋼筋混凝土加強磚造,70年7月9日,三層,三層
RPSNMLQKNHHGFBQ66DA,22,191.51,住家用,鋼筋混凝土造,88年12月29日,三層,一層 二層 三層 陽台 平台 電梯樓梯間 夾層
RPOOMLRKNHHGFBQ09DA,40,98.40,住家用,鋼筋混凝土加強磚造,70年12月23日,二層,一層 二層 騎樓 電梯樓梯間
RPRNMLRKNHHGFBQ66DA,16,4.20,共有部分,鋼筋混凝土造,95年8月28日,,
RPRNMLRKNHHGFBQ66DA,16,4.20,共有部分,鋼筋混凝土造,95年8月28日,,
RPRNMLRKNHHGFBQ66DA,16,15.06,住家用,鋼筋混凝土造,95年8月28日,八層,八層 陽台
RPRNMLRKNHHGFBQ66DA,16,15.06,住家用,鋼筋混凝土造,95年8月28日,八層,八層 陽台
RPRNMLRKNHHGFBQ66DA,16,5.72,共有部分,鋼筋混凝土造,95年8月28日,,
RPRNMLRKNHHGFBQ66DA,16,5.72,共有部分,鋼筋混凝土造,95年8月28日,,
RPPPMLKLMHHGFBQ58DA,16,19.72,住家用,鋼筋混凝土造,95年8月28日,八層,四層 陽台
RPPPMLKLMHHGFBQ58DA,16,4.75,共有部分,鋼筋混凝土造,95年8月28日,,
RPPPMLKLMHHGFBQ58DA,16,7.61,共有部分,鋼筋混凝土造,95年8月28日,,
RPUNMLSKNHHGFBQ07DA,3,240.14,住宅、住宅（附屬機房）,鋼筋混凝土造,107年10月23日,四層,一層 二層 三層 四層 陽台 雨遮 屋簷 見其他登記事項
RPUNMLSKNHHGFBQ07DA,3,1.13,本共有部分之項目有電信室、郵務室、警衛室、廁所、噴灌機房、垃圾貯存室及雨遮等七項。,鋼筋混凝土造,107年10月23日,一層,
RPSNMLNKNHHGFCQ09DA,9,221.20,住宅、停車空間,鋼筋混凝土造,101年10月26日,四層,一層 二層 三層 四層 見其他登記事項
RPXNMLNKNHHGFDQ07DA,26,30.81,停車空間、梯間,鋼筋混凝土造,85年1月15日,六層,
RPXNMLNKNHHGFDQ07DA,26,86.21,住家用,鋼筋混凝土造,85年1月15日,六層,四層 陽台 花台
RPQNMLSKNHHGFCQ86EA,28,197.84,住商用,鋼筋混凝土加強磚造,83年2月1日,四層,一層 二層 三層 四層 電梯樓梯間 見其他登記事項
RPSOMLSLMHHGFDQ17DA,,181.90,住商用,鋼筋混凝土造,111年1月6日,四層,一層 二層 三層 四層 陽台
RPQNMLRKNHHGFDQ76DA,25,223.43,住商用,鋼筋混凝土造,86年2月5日,四層,一層 二層 三層 四層 騎樓 見其他登記事項
RPSNMLNKNHHGFEQ66DA,27,154.52,住家用,鋼筋混凝土造,84年7月5日,三層,一層 二層 三層 陽台 電梯樓梯間
RPUNMLPLMHHGFCQ86DA,54,113.60,住家用,加強磚造,57年6月1日,二層,一層 二層 騎樓
RPQNMLSKNHHGFBQ66DA,16,6.54,共有部分,鋼筋混凝土造,95年8月28日,,
RPUNMLRKNHHGFCQ07DA,54,43.38,住家用,磚木造,57年1月1日,二層,一層 二層
RPQNMLSKNHHGFBQ66DA,16,22.39,住家用,鋼筋混凝土造,95年8月28日,八層,六層 陽台
RPQNMLSKNHHGFBQ66DA,16,8.89,共有部分,鋼筋混凝土造,95年8月28日,,
RPTNMLSKNHHGFBQ96DA,3,240.34,住宅、住宅（附屬機房）,鋼筋混凝土造,107年10月23日,四層,一層 二層 三層 四層 陽台 雨遮 屋簷 見其他登記事項
RPTNMLSKNHHGFBQ96DA,3,1.13,本共有部分之項目有電信室、郵務室、警衛室、廁所、噴灌機房、垃圾貯存室及雨遮等七項。,鋼筋混凝土造,107年10月23日,一層,
RPPNMLTKNHHGFBQ66DA,25,73.25,住家用,鋼筋混凝土造,85年11月23日,七層,七層 陽台
RPPNMLTKNHHGFBQ66DA,25,18.87,防空避難室、停車場,鋼筋混凝土造,85年11月23日,七層,
RPPNMLTKNHHGFBQ66DA,25,11.57,樓梯間、電梯間,鋼筋混凝土造,85年11月23日,七層,
RPUNMLSKNHHGFCQ17DA,40,111.54,住商用,鋼筋混凝土加強磚造,70年10月12日,二層,一層 二層 騎樓 電梯樓梯間
RPXNMLTKNHHGFBQ47DA,29,129.15,住家用,鋼筋混凝土造,82年8月4日,三層,一層 二層 三層 夾層
RPPNMLTKNHHGFEQ96DA,,1182.92,溫室、農業資材室,鋼骨構造,110年12月8日,一層,一層
RPVOMLLKNHHGFCQ66DA,43,91.00,住家用,鋼筋混凝土加強磚造,68年7月19日,二層,一層 二層 電梯樓梯間
RPUNMLTKNHHGFDQ47EA,40,95.11,住商用,鋼筋混凝土加強磚造,70年11月17日,二層,一層 二層 電梯樓梯間
RPPNMLMKNHHGFEQ98EA,4,298.15,住宅,鋼筋混凝土造,107年5月23日,二層,一層 二層 陽台
RPOOMLQKNHHGFDQ56DA,29,4.33,梯間,鋼筋混凝土造,82年10月6日,九層,
RPOOMLQKNHHGFDQ56DA,29,13.12,避難室、停車場,鋼筋混凝土造,82年10月6日,9,
RPOOMLQKNHHGFDQ56DA,29,71.93,集合住宅,鋼筋混凝土造,82年10月6日,九層,四層 陽台
RPWNMLSKNHHGFDQ47DA,42,97.44,住家用,鋼筋混凝土加強磚造,69年10月13日,二層,一層 二層
RPPNMLTKNHHGFDQ96EA,26,196.93,住家用,鋼筋混凝土造,84年10月17日,四層,一層 二層 三層 四層 見其他登記事項
RPQOMLSKNHHGFDQ96DA,4,369.65,住宅、停車空間、樓梯間,鋼筋混凝土造,106年10月25日,五層,一層 二層 三層 四層 五層 陽台
RPQOMLSKNHHGFDQ96DA,4,.36,管理維護空間,鋼筋混凝土造,106年10月25日,一層,
RPOPMLMKMHHGFDQ78DA,40,103.48,住家用,鋼筋混凝土加強磚造,71年7月7日,二層,一層 二層 騎樓 電梯樓梯間
RPUNMLKLNHHGFCQ09DA,34,71.84,農舍,鐵造,77年2月12日,一層,一層
RPTNMLPJNHHGFBQ56DA,40,143.70,住商用,鋼筋混凝土加強磚造,71年7月24日,三層,一層 二層 三層 騎樓 電梯樓梯間
RPOOMLQLMHHGFDQ56DA,29,176.60,住家用,鋼筋混凝土造,82年4月22日,三層,一層 二層 三層 見其他登記事項
RPRNMLKLNHHGFCQ78DA,23,150.56,住宅．水箱,鋼筋混凝土造,88年8月20日,四層,一層 二層 三層 四層 水塔 見其他登記事項
RPOOMLOLNHHGFCQ98DA,,188.55,住宅、樓梯間,鋼筋混凝土造,111年3月9日,三層,一層 二層 三層 見其他登記事項 見其他登記事項
RPQOMLOLNHHGFCQ56DA,,190.58,住宅、樓梯間,鋼筋混凝土造,111年3月9日,三層,一層 二層 三層 見其他登記事項 見其他登記事項
RPXNMLPLNHHGFDQ37DA,29,156.41,住商用,鋼筋混凝土造,82年5月18日,四層,一層 二層 三層 四層 陽台
RPROMLRLMHHGFCQ86DA,45,69.60,騎樓、住宅,木石磚造〈雜木以外〉、木石磚造〈雜木〉,66年6月15日,一層,一層 騎樓
RPXOMLOLNHHGFCQ27DA,,193.44,住宅、樓梯間,鋼筋混凝土造,111年3月9日,三層,一層 二層 三層 見其他登記事項 見其他登記事項
RPOOMLTKNHHGFDQ86DA,27,36.30,住家用,鋼筋混凝土加強磚造,83年11月3日,一層,一層
TPOOMLTKNHHGFDQ07DA,27,40.50,住家用,鋼筋混凝土加強磚造,84年7月17日,一層,一層
SPOOMLTKNHHGFDQ96DA,27,40.50,住家用,加強磚造,84年7月17日,一層,一層
RPWOMLOLNHHGFCQ17DA,,188.94,住宅、樓梯間,鋼筋混凝土造,111年3月9日,三層,一層 二層 三層 見其他登記事項 見其他登記事項
RPRNMLKKNHHGFBQ58DA,39,102.25,店舖、住宅、人行道、梯間,鋼筋混凝土造,72年6月20日,三層,一層 二層 三層 騎樓 見其他登記事項
RPQNMLNKNHHGFCQ88DA,18,185.12,集合住宅,鋼筋混凝土造,92年12月12日,三層,一層 二層 三層 見其他登記事項
RPSPMLOLNHHGFCQ86DA,,189.05,住宅、樓梯間,鋼筋混凝土造,111年3月9日,三層,一層 二層 三層 見其他登記事項 見其他登記事項
RPVNMLPLNHHGFDQ17DA,44,48.06,住家用,加強磚造,67年1月23日,一層,一層
RPQNMLKMNHHGFBQ78EA,25,450.01,農舍,鋼筋混凝土造,86年3月5日,三層,一層 二層 三層 陽台
RPOOMLRLNHHGFDQ86EA,41,99.73,住家用,鋼筋混凝土加強磚造,70年7月15日,二層,一層 二層 騎樓 電梯樓梯間
RPUNMLPLNHHGFDQ07DA,47,75.44,住家用,鋼筋混凝土加強磚造,64年2月15日,一層,一層 騎樓
RPPNMLKMNHHGFEQ88DA,39,100.73,住家用,鋼筋混凝土加強磚造,71年12月17日,二層,一層 二層 電梯樓梯間
RPRNMLQLNHHGFDQ86DA,27,74.05,住商用,鋼筋混凝土造,84年10月4日,五層,一層
RPRNMLQLNHHGFDQ86DA,27,14.90,梯間、机械房、水箱,鋼筋混凝土造,84年10月4日,五層,
RPTNMLKKNHHGFBQ78DA,16,70.90,商業用,鋼筋混凝土造,95年8月28日,八層,一層 陽台
RPTNMLKKNHHGFBQ78DA,16,42.60,共有部分,鋼筋混凝土造,95年8月28日,,
RPRPMLRLNHHGFDQ17DA,29,165.82,住家用,鋼筋混凝土造,81年11月26日,三層,一層 二層 三層 見其他登記事項
RPPNMLKMNHHGFDQ78DA,42,95.23,住家用,鋼筋混凝土加強磚造,69年6月25日,二層,一層 二層
RPPNMLLMNHHGFEQ98DA,27,147.78,住家用,鋼筋混凝土造,84年8月30日,四層,一層 二層 三層 四層 陽台 平台
RPSNMLLJOHHGFDQ98DA,41,88.56,住家用,鋼筋混凝土造,70年6月1日,二層,一層 二層
RPQNMLLMNHHGFCQ88DA,34,126.04,住家用,加強磚造,77年7月12日,二層,一層 二層 電梯樓梯間
RPVNMLLMNHHGFCQ76DA,28,90.80,住家用,鋼筋混凝土造,82年12月14日,七層,七層 陽台 花台 雨遮
RPVNMLLMNHHGFCQ76DA,28,9.47,共有部分,鋼筋混凝土造,82年12月14日,七層,
RPVNMLLMNHHGFCQ76DA,28,34.39,共有部分,鋼筋混凝土造,82年12月14日,七層,
RPVNMLRLNHHGFDQ37DA,17,195.44,住家用,鋼筋混凝土造,94年10月5日,四層,一層 二層 三層 四層 陽台 見其他登記事項
RPPNMLTLMHHGFEQ96DA,26,193.09,店鋪、住房、停車空間,鋼筋混凝土造,85年9月2日,四層,一層 二層 三層 四層 陽台 露台 雨遮
RPROMLSJLHHGFDQ76DA,17,8.78,集合住宅、停車空間,鋼筋混凝土造,94年2月4日,五層,
RPROMLSJLHHGFDQ76DA,17,19.73,集合住宅,鋼筋混凝土造,94年2月4日,五層,三層 陽台
RPPNMLTJLHHGFBQ98DA,,178.85,住家用,鋼筋混凝土造,110年9月24日,三層,一層 二層 三層 陽台
RPVNMLKKLHHGFBQ78DA,34,149.31,住家用,鋼筋混凝土加強磚造,76年12月17日,二層,一層 二層 騎樓 電梯樓梯間
RPSNMLRJLHHGFEQ76DA,24,116.58,住商用,鋼筋混凝土造,86年11月28日,二層,一層 二層 電梯樓梯間
RPVNMLOJLHHGFDQ66DA,17,7.54,停車空間、電信室、台電配電室、機械室、集合住宅,鋼筋混凝土造,94年8月15日,五層,
RPVNMLOJLHHGFDQ66DA,17,15.37,集合住宅,鋼筋混凝土造,94年8月15日,五層,二層 陽台
RPUNMLQKLHHGFBQ66DA,34,144.89,住家用,鋼筋混凝土加強磚造,76年10月9日,二層,一層 二層 騎樓 電梯樓梯間
RPQOMLOKLHHGFBQ78DA,16,6.37,共有部分,鋼筋混凝土造,95年8月28日,,
RPQOMLOKLHHGFBQ78DA,16,21.72,住家用,鋼筋混凝土造,95年8月28日,八層,四層 陽台
RPQOMLOKLHHGFBQ78DA,16,8.58,共有部分,鋼筋混凝土造,95年8月28日,,
RPUNMLQKLHHGFCQ76DA,1,220.07,住家用,鋼筋混凝土造,110年5月31日,四層,一層 二層 三層 四層 見其他登記事項
RPXNMLPKLHHGFDQ07DA,29,137.20,住家用,鋼筋混凝土造,82年3月5日,三層,一層 二層 三層
RPPNMLQKLHHGFEQ09DA,29,118.55,住家用,鋼筋混凝土造,82年4月1日,十八層,九層 陽台
RPPNMLQKLHHGFEQ09DA,29,19.59,梯間,鋼筋混凝土造,82年4月1日,十八層,
RPPNMLQKLHHGFEQ09DA,29,5.61,守衛室．健身房．游泳池．防空避難室兼停車場,鋼筋混凝土造,82年4月1日,,
RPQOMLRKLHHGFCQ56DA,1,210.11,住家用,鋼筋混凝土造,110年5月31日,四層,一層 二層 三層 四層 見其他登記事項
RPSNMLLLLHHGFBQ68DA,39,64.62,住商用,鋼筋混凝土加強磚造,71年12月7日,三層,一層 二層 三層 騎樓 電梯樓梯間
RPQNMLLLLHHGFBQ48DA,16,4.20,共有部分,鋼筋混凝土造,95年8月28日,,
RPQNMLLLLHHGFBQ48DA,16,15.06,住家用,鋼筋混凝土造,95年8月28日,八層,八層 陽台
RPQNMLLLLHHGFBQ48DA,16,5.72,共有部分,鋼筋混凝土造,95年8月28日,,
RPSOMLPKLHHGFDQ66DA,27,170.09,住家用,鋼筋混凝土造,83年10月22日,四層,一層 二層 三層 四層 見其他登記事項
RPRNMLLLLHHGFBQ58DA,16,4.20,共有部分,鋼筋混凝土造,95年8月28日,,
RPRNMLLLLHHGFBQ58DA,16,15.06,住家用,鋼筋混凝土造,95年8月28日,八層,三層 陽台
RPRNMLLLLHHGFBQ58DA,16,5.78,共有部分,鋼筋混凝土造,95年8月28日,,
RPTNMLRKLHHGFCQ76DA,38,98.78,住家用,鋼筋混凝土加強磚造,73年3月24日,二層,一層 二層 騎樓
RPPOMLLLLHHGFBQ48DA,26,122.65,住家用,鋼筋混凝土造,85年8月15日,十四層,十一層 十二層 陽台
RPPOMLLLLHHGFBQ48DA,26,46.47,梯間、防空避難室、機械室、水塔牌樓兼停車空間,鋼筋混凝土造,85年8月15日,十四層,
RPPNMLKLLHHGFEQ58DA,29,181.40,住家用,鋼筋混凝土造,82年3月9日,四層,一層 二層 三層 四層 陽台
RPTNMLSKLHHGFDQ96DA,27,198.57,住家用,鋼筋混凝土造,84年5月18日,四層,一層 二層 三層 四層 見其他登記事項
RPRNMLRJLHHGFEQ66DA,29,244.24,住家用,鋼筋混凝土造,82年8月19日,三層,一層 二層 三層 地下層 見其他登記事項
RPRNMLRJLHHGFEQ66DA,29,21.59,停車場、防空避難室,鋼筋混凝土造,82年8月19日,三層,
RPPNMLPKLHHGFDQ88DA,25,69.21,住房、集合住宅,鋼筋混凝土造,86年6月23日,六層,四層 陽台 花台
RPPNMLPKLHHGFDQ88DA,25,25.04,見其他登記事項,鋼筋混凝土造,86年6月23日,七層,
RPPNMLPKLHHGFDQ88DA,25,11.54,樓梯間、機械室、水箱,鋼筋混凝土造,86年6月23日,七層,
RPROMLRKLHHGFCQ66DA,,156.70,住家用,鋼筋混凝土造,110年9月7日,三層,一層 二層 三層 見其他登記事項
RPTNMLQKLHHGFBQ56DA,35,130.71,住家用,鋼筋混凝土加強磚造,76年9月13日,二層,一層 二層 陽台 騎樓
RPTNMLMLLHHGFDQ09DA,26,19.26,防空避難室兼停車空間,鋼筋混凝土造,85年2月7日,九層,
RPTNMLMLLHHGFDQ09DA,26,13.02,電、樓梯間,鋼筋混凝土造,85年2月7日,九層,
RPTNMLMLLHHGFDQ09DA,26,84.88,集合住宅,鋼筋混凝土造,85年2月7日,九層,九層 陽台
RPPNMLQKLHHGFCQ88DA,20,373.37,住房、機械室,鋼筋混凝土造,91年5月15日,四層,一層 二層 三層 四層 電梯樓梯間 見其他登記事項
RPOOMLNLLHHGFBQ58DA,29,113.41,住商用,鋼筋混凝土造,82年6月3日,三層,一層 二層 三層
RPPNMLPLLHHGFBQ78DA,16,16.65,住家用,鋼筋混凝土造,94年10月3日,十層,四層 陽台
RPPNMLPLLHHGFBQ78DA,16,.10,管理委員會使用空間,鋼筋混凝土造,94年10月3日,十層,
RPPNMLPLLHHGFBQ78DA,16,8.36,機電設備空間、停車空間、樓梯間、走廊、機械室、水塔,鋼筋混凝土造,94年10月3日,十層,
RPQNMLPLLHHGFBQ88DA,16,17.49,住家用,鋼筋混凝土造,94年10月3日,十層,四層 陽台
RPQNMLPLLHHGFBQ88DA,16,.10,管理委員會使用空間,鋼筋混凝土造,94年10月3日,十層,
RPQNMLPLLHHGFBQ88DA,16,8.80,機電設備空間、停車空間、樓梯間、走廊、機械室、水塔,鋼筋混凝土造,94年10月3日,十層,
RPRNMLMLLHHGFCQ78DA,16,228.34,停車空間、集合住宅,鋼筋混凝土造,95年8月14日,四層,一層 二層 三層 四層 見其他登記事項
RPPNMLPLLHHGFDQ98DA,40,130.36,住商用,鋼筋混凝土加強磚造,70年12月31日,三層,一層 二層 三層 電梯樓梯間
RPWNMLOLLHHGFCQ96EA,27,160.53,住家用,鋼筋混凝土造,84年7月3日,三層,一層 二層 三層 電梯樓梯間 見其他登記事項
RPUNMLNLLHHGFDQ66DA,28,13.03,梯間,鋼筋混凝土造,82年10月6日,九層,
RPUNMLNLLHHGFDQ66DA,28,13.34,避難室、停車場,鋼筋混凝土造,82年10月6日,9,
RPUNMLNLLHHGFDQ66DA,28,86.01,集合住宅,鋼筋混凝土造,82年10月6日,九層,五層 陽台 花台
RPVNMLOLLHHGFDQ86DA,42,53.26,住家用,鋼筋混凝土加強磚造,69年1月18日,二層,一層 二層 騎樓 電梯樓梯間
RPRNMLOLLHHGFCQ98DA,1,201.61,住宅、停車空間、梯間,鋼筋混凝土造,110年8月12日,三層,一層 二層 三層 見其他登記事項 見其他登記事項
RPRNMLKMLHHGFBQ58DA,41,94.40,住家用,鋼筋混凝土加強磚造,70年5月22日,二層,一層 二層
RPVNMLPLLHHGFCQ86DA,41,57.13,住家用,磚造,70年1月30日,一層,一層
RPTNMLPLLHHGFDQ76DA,38,115.07,住商用,鋼筋混凝土加強磚造,72年12月27日,二層,一層 二層 電梯樓梯間
RPWNMLPLLHHGFDQ07DA,28,1.97,梯間,鋼筋混凝土造,82年10月6日,九層,
RPWNMLPLLHHGFDQ07DA,28,10.70,梯間,鋼筋混凝土造,82年10月6日,九層,
RPWNMLPLLHHGFDQ07DA,28,5.20,避難室、停車場,鋼筋混凝土造,82年10月6日,9,
RPWNMLPLLHHGFDQ07DA,28,33.00,集合住宅,鋼筋混凝土造,82年10月6日,九層,三層 陽台
RPQNMLRLLHHGFDQ66DA,40,97.00,住家用,鋼筋混凝土加強磚造,71年9月10日,二層,一層 二層 電梯樓梯間
RPSOMLTLLHHGFCQ07DA,11,236.70,室內停車空間、住宅、水箱空間,鋼筋混凝土造,100年5月18日,四層,一層 二層 三層 四層 見其他登記事項 見其他登記事項
RPOOMLTLLHHGFCQ66DA,1,210.11,住家用,鋼筋混凝土造,110年5月31日,四層,一層 二層 三層 四層 見其他登記事項
RPPOMLKMLHHGFCQ58DA,27,157.89,住家用,鋼筋混凝土造,84年2月16日,三層,一層 二層 三層 電梯樓梯間 見其他登記事項
RPPNMLTLLHHGFDQ86EA,43,91.16,住家用,鋼筋混凝土加強磚造,68年6月20日,二層,一層 二層
RPPNMLPJMHHGFEQ98DA,29,119.50,住家用,鋼筋混凝土造,82年4月1日,十八層,九層 陽台
RPPNMLPJMHHGFEQ98DA,29,32.60,防空避難室兼停車場,鋼筋混凝土造,82年4月1日,,地下三層
RPPNMLPJMHHGFEQ98DA,29,19.81,梯間,鋼筋混凝土造,82年4月1日,十八層,
RPPNMLPJMHHGFEQ98DA,29,5.61,守衛室．健身房．游泳池．防空避難室兼停車場,鋼筋混凝土造,82年4月1日,,
RPPNMLPJMHHGFEQ98DA,29,.41,守衛室．健身房．游泳池．防空避難室兼停車場,鋼筋混凝土造,82年4月1日,,
RPWPMLKMLHHGFDQ86DA,17,5.89,集合住宅、停車空間,鋼筋混凝土造,94年2月4日,五層,
RPWPMLKMLHHGFDQ86DA,17,17.13,集合住宅,鋼筋混凝土造,94年2月4日,五層,四層 陽台
RPRNMLKMLHHGFDQ78DA,37,98.33,住家用,鋼筋混凝土加強磚造,73年10月18日,二層,一層 二層 電梯樓梯間
RPVNMLSKLHHGFDQ17DA,51,144.32,住家用,磚木石造,60年3月1日,一層,一層
RPVNMLSKLHHGFDQ17DA,51,56.61,住家用,磚木石造,60年3月1日,一層,一層
RPVNMLSKLHHGFDQ17DA,51,79.05,住家用,磚木石造,60年3月1日,一層,一層
RPXNMLSLLHHGFBQ27DA,21,117.52,住家用,鋼筋混凝土造,90年9月13日,三層,一層 二層 三層 見其他登記事項
RPPNMLRJMHHGFEQ66EA,40,82.56,住家用,鋼筋混凝土磚木造,70年12月26日,一層,一層
RPRNMLRJMHHGFEQ86EA,40,82.56,住家用,鋼筋混凝土磚木造,70年12月26日,一層,一層
RPTNMLLKMHHGFDQ09EA,37,98.33,住家用,鋼筋混凝土加強磚造,73年10月18日,二層,一層 二層 電梯樓梯間
RPROMLQJMHHGFCQ66EA,29,173.12,住商用,鋼筋混凝土造,82年5月31日,四層,一層 二層 三層 四層 騎樓 見其他登記事項
RPOOMLLJMHHGFDQ48DA,42,100.11,住家用,鋼筋混凝土加強磚造,69年3月24日,二層,一層 二層 電梯樓梯間
RPOPMLLJMHHGFDQ58DA,6,167.01,住宅、樓梯間,鋼筋混凝土造,105年7月18日,三層,一層 二層 三層 見其他登記事項 見其他登記事項
RPVNMLKMLHHGFDQ56DA,2,171.90,住宅、停車空間、樓梯間,鋼筋混凝土造,108年10月18日,三層,一層 二層 三層 陽台 見其他登記事項
RPRNMLQJMHHGFDQ56DA,37,103.39,住家用,鋼筋混凝土加強磚造,73年10月18日,二層,一層 二層 電梯樓梯間
RPQNMLLJMHHGFCQ48DA,41,122.82,住家用,鋼筋混凝土加強磚造,70年5月18日,二層,一層 二層 騎樓 電梯樓梯間
RPSOMLOLLHHGFCQ56DA,24,135.22,住家用,鋼筋混凝土造,87年2月18日,三層,一層 二層 三層 電梯樓梯間 見其他登記事項
RPXNMLRJMHHGFBQ07DA,32,159.80,住家用,鋼筋混凝土加強磚造,79年8月2日,二層,一層 二層 騎樓 電梯樓梯間
RPPOMLQJMHHGFCQ98DA,40,100.84,住家用,加強磚造,71年6月30日,二層,一層 二層
RPVPMLSLLHHGFCQ37DA,40,102.84,住家用,鋼筋混凝土加強磚造,71年5月1日,二層,一層 二層 陽台
RPPNMLQJMHHGFCQ88DA,53,118.20,住家用,加強磚造,58年9月1日,二層,一層 二層 騎樓
RPSNMLQJMHHGFDQ66DA,43,85.99,住家用,鐵造,67年10月15日,一層,一層
RPRNMLSJMHHGFDQ86EA,15,208.78,集合住宅、停車空間,鋼筋混凝土造,96年1月10日,四層,一層 二層 三層 四層 陽台 地下層
RPRNMLSJMHHGFDQ86EA,15,15.00,車道,鋼筋混凝土造,96年1月10日,,
RPPNMLMKMHHGFCQ68EA,29,214.10,住宅．貯藏室,鋼筋混凝土造,82年4月19日,三層,一層 二層 三層 水箱 電梯樓梯間 地下層 見其他登記事項
RPVOMLLJMHHGFDQ56DA,42,176.49,住家用,鋼筋混凝土加強磚造,69年3月18日,二層,一層 二層 見其他登記事項
RPSNMLTLLHHGFDQ07DA,41,130.73,住家用,鋼筋混凝土加強磚造,70年3月24日,二層,一層 二層 電梯樓梯間
RPPOMLSJMHHGFDQ66DA,25,41.69,水箱、防空避難室兼停車場、電梯、樓梯間機械室,鋼筋混凝土造,86年1月17日,七層,
RPPOMLSJMHHGFDQ66DA,25,107.63,一般事務所,鋼筋混凝土造,86年1月17日,七層,七層 陽台
RPQNMLRJMHHGFCQ09DA,23,167.57,住商用,鋼筋混凝土造,87年11月26日,三層,一層 二層 三層 電梯樓梯間 見其他登記事項
RPWOMLQJMHHGFCQ07DA,8,156.96,住家用,鋼筋混凝土造,103年5月26日,三層,一層 二層 三層 見其他登記事項
RPRNMLRJMHHGFCQ56DA,45,72.93,住家用,磚造,66年5月10日,一層,一層 騎樓
RPTNMLRJMHHGFCQ76DA,16,231.85,停車空間、集合住宅,鋼筋混凝土造,95年8月23日,四層,一層 二層 三層 四層 見其他登記事項
RPVNMLQJMHHGFBQ76DA,16,4.20,共有部分,鋼筋混凝土造,95年8月28日,,
RPVNMLQJMHHGFBQ76DA,16,15.06,住家用,鋼筋混凝土造,95年8月28日,八層,四層 陽台
RPVNMLQJMHHGFBQ76DA,16,5.78,共有部分,鋼筋混凝土造,95年8月28日,,
RPUOMLLKMHHGFCQ09DA,40,128.05,住家用,鋼筋混凝土加強磚造,71年1月28日,二層,一層 二層 電梯樓梯間
RPTOMLRJMHHGFCQ86DA,43,107.39,住家用,加強磚造,68年8月24日,二層,一層 二層 電梯樓梯間
RPQNMLOKLHHGFDQ88DA,25,203.89,住家用,鋼筋混凝土造,86年7月22日,四層,一層 二層 三層 四層 陽台
RPPNMLQJMHHGFDQ98DA,28,132.20,住家用,鋼筋混凝土造,83年7月15日,四層,一層 二層 三層 四層
RPUNMLRJMHHGFDQ96DA,11,224.47,住商用,鋼筋混凝土造,99年12月28日,四層,一層 二層 三層 四層 陽台
RPTNMLLKMHHGFEQ09DA,41,89.06,住商用,鋼筋混凝土加強磚造,70年6月27日,二層,一層 二層 騎樓 電梯樓梯間
RPUNMLMKMHHGFCQ56EA,36,140.44,住家用,鋼筋混凝土加強磚造,74年10月29日,二層,一層 二層 騎樓 電梯樓梯間
RPTOMLLKMHHGFCQ98DA,30,86.16,住商用,鋼筋混凝土造,81年6月30日,三層,一層 二層 三層 電梯樓梯間
RPPNMLOLLHHGFBQ68DA,26,192.01,住商用,鋼筋混凝土造,84年10月26日,三層,一層 二層 三層 陽台 電梯樓梯間
RPPNMLSJMHHGFEQ66DA,29,37.23,住家用,鋼筋混凝土造,82年4月1日,十八層,七層 陽台
RPPNMLSJMHHGFEQ66DA,29,7.34,梯間,鋼筋混凝土造,82年4月1日,十八層,
RPPNMLSJMHHGFEQ66DA,29,1.75,守衛室．健身房．游泳池．防空避難室兼停車場,鋼筋混凝土造,82年4月1日,,
RPXNMLNKMHHGFBQ76DA,47,90.95,住家用,鋼筋混凝土加強磚造,63年11月20日,二層,一層 二層 騎樓
RPQOMLNKMHHGFBQ78DA,50,147.70,住家用,磚造,61年7月15日,一層,一層 騎樓
RPQOMLNKMHHGFBQ78DA,22,424.50,農舍,鋼骨造,89年1月29日,三層,一層 二層 三層
RPPNMLLMLHHGFBQ48DA,38,136.82,住商用,鋼筋混凝土加強磚造,73年4月26日,三層,一層 二層 三層 騎樓 電梯樓梯間
RPPOMLNKMHHGFBQ68DA,28,116.33,住家用,鋼筋混凝土造,83年5月12日,七層,四層 陽台
RPPOMLNKMHHGFBQ68DA,28,61.15,樓梯間﹒避難室﹒停車場,鋼筋混凝土造,83年5月12日,七層,
RPOOMLLKMHHGFDQ58DA,42,123.51,住家用,鋼筋混凝土加強磚造,69年1月26日,三層,一層 二層 三層 騎樓
RPUNMLSJMHHGFDQ07DA,17,5.89,集合住宅、停車空間,鋼筋混凝土造,94年2月4日,五層,
RPUNMLSJMHHGFDQ07DA,17,16.99,集合住宅,鋼筋混凝土造,94年2月4日,五層,三層 陽台
RPPNMLPKMHHGFEQ56EA,37,121.36,住商用,鋼筋混凝土加強磚造,74年4月23日,二層,一層 二層 騎樓 電梯樓梯間
RPVNMLNKMHHGFBQ56DA,16,4.20,共有部分,鋼筋混凝土造,95年8月28日,,
RPVNMLNKMHHGFBQ56DA,16,15.06,住家用,鋼筋混凝土造,95年8月28日,八層,五層 陽台
RPVNMLNKMHHGFBQ56DA,16,5.78,共有部分,鋼筋混凝土造,95年8月28日,,
RPRNMLPKMHHGFBQ98DA,43,134.30,住家用,鋼筋混凝土磚造、鐵骨造,68年2月6日,三層,一層 二層 三層 夾層
RPRNMLQKMHHGFBQ09DA,32,131.85,住商用,鋼筋混凝土造,79年2月12日,三層,一層 二層 三層 騎樓
RPRNMLOKMHHGFBQ88DA,26,215.71,住商用,鋼筋混凝土造,85年2月10日,四層,一層 二層 三層 四層 陽台 平台 電梯樓梯間
RPRNMLOKMHHGFDQ09DA,15,571.99,店舖、住宅、樓梯間,鋼筋混凝土造,96年7月19日,四層,一層 二層 三層 四層 陽台 見其他登記事項
RPSNMLPKMHHGFCQ56DA,2,201.67,住家用,鋼筋混凝土造,108年9月24日,四層,一層 二層 三層 四層 見其他登記事項
RPPNMLQKMHHGFEQ56DA,40,57.04,住家用,鋼筋混凝土加強磚造,71年6月7日,一層,一層
RPRNMLOKMHHGFEQ56DA,39,100.73,住家用,鋼筋混凝土加強磚造,71年11月2日,二層,一層 二層 電梯樓梯間
RPRNMLPKMHHGFEQ66DA,18,509.17,農舍,鋼筋混凝土造,93年5月25日,二層,一層 二層 陽台
RPPNMLSKMHHGFDQ76EA,44,117.57,住家用,加強磚造，鋼鐵造,67年8月1日,三層,一層 二層 三層
RPPNMLPKMHHGFDQ98DA,28,78.09,住家用,木造,82年10月28日,二層,一層 二層 花台
RPVNMLRJLHHGFDQ96DA,42,93.51,住家用,鋼筋混凝土加強磚造,69年3月1日,二層,一層 二層
RPQNMLRKMHHGFCQ56DA,15,232.04,住宅、停車空間,鋼筋混凝土造,96年7月19日,四層,一層 二層 三層 四層 見其他登記事項
RPXNMLRJLHHGFDQ17DA,29,186.90,住家用,鋼筋混凝土造,82年4月22日,四層,一層 二層 三層 四層 見其他登記事項
RPXNMLMKMHHGFDQ86DA,25,286.39,住家用,鋼筋混凝土造,85年12月19日,三層,一層 二層 三層
RPUPMLKMLHHGFDQ66DA,29,196.30,住家用,鋼筋混凝土造,82年3月6日,四層,一層 二層 三層 四層 地下層 見其他登記事項
RPPOMLMKMHHGFDQ78DA,42,109.51,住家用,鋼筋混凝土加強磚造,69年7月5日,二層,一層 二層 騎樓 電梯樓梯間
RPSNMLTKMHHGFEQ17DA,54,65.03,住家用,木石磚造（雜木）,57年1月15日,二層,一層 二層
RPRNMLKLMHHGFEQ98EA,28,151.92,住家用,鋼筋混凝土造,83年6月28日,三層,一層 二層 三層 電梯樓梯間
RPWNMLTKMHHGFDQ47DA,43,108.42,住家用,鋼筋混凝土加強磚造,68年6月30日,二層,一層 二層 電梯樓梯間
RPWNMLSKMHHGFDQ37DA,42,63.40,住商用,鋼筋混凝土加強磚造,69年3月18日,二層,一層 二層 見其他登記事項
RPTNMLSKMHHGFCQ96DA,41,106.50,住家用,鋼筋混凝土加強磚造,70年2月10日,二層,一層 二層 電梯樓梯間
RPXNMLTKMHHGFCQ47DA,28,8.66,共有部分,鋼筋混凝土造,83年8月10日,七層,
RPXNMLTKMHHGFCQ47DA,28,12.93,共有部分,鋼筋混凝土造,83年8月10日,七層,
RPXNMLTKMHHGFCQ47DA,28,78.63,集合住宅,鋼筋混凝土造,83年8月10日,七層,五層 陽台
RPWNMLTKMHHGFCQ37DA,6,217.64,停車空間、住宅,鋼筋混凝土造,105年2月4日,四層,一層 二層 三層 四層 見其他登記事項
RPSOMLKLMHHGFBQ78DA,41,76.00,住商用,鋼筋混凝土加強磚造,69年12月1日,二層,一層 二層
RPVNMLLLMHHGFBQ09DA,28,216.14,住商用,鋼筋混凝土造,83年1月18日,三層,一層 二層 三層 陽台 騎樓 電梯樓梯間
RPWNMLLLMHHGFBQ56DA,27,94.63,住家用,鋼筋混凝土造,84年7月4日,七層,三層 陽台
RPWNMLLLMHHGFBQ56DA,27,18.56,樓電梯,鋼筋混凝土造,84年7月4日,七層,
RPWNMLLLMHHGFBQ56DA,27,11.32,防空避難室兼停車空間,鋼筋混凝土造,84年7月4日,七層,
RPRNMLLLMHHGFDQ88DA,,846.00,住家用,鋼筋混凝土造,,四層,一層 二層 三層 四層 騎樓
RPSNMLKLMHHGFDQ88DA,28,18.48,梯間,鋼筋混凝土造,82年10月6日,九層,
RPSNMLKLMHHGFDQ88DA,28,.31,避難室、停車場,鋼筋混凝土造,82年10月6日,9,
RPSNMLKLMHHGFDQ88DA,28,22.62,避難室、停車場,鋼筋混凝土造,82年10月6日,9,
RPSNMLKLMHHGFDQ88DA,28,2.01,儲藏室,鋼筋混凝土造,82年10月6日,九層,地下層
RPSNMLKLMHHGFDQ88DA,28,145.55,集合住宅,鋼筋混凝土造,82年10月6日,九層,三層 陽台 露台
RPQNMLMLMHHGFEQ98DA,25,260.85,住家用,鋼筋混凝土造,85年10月4日,五層,一層 二層 三層 四層 五層 陽台 露台 地下層
RPROMLMKMHHGFDQ98DA,41,84.88,住家用,鋼筋混凝土加強磚造,70年6月2日,二層,一層 二層
RPPNMLPLMHHGFDQ56EA,23,132.56,集合住宅,鋼筋混凝土造,88年5月31日,三層,一層 二層 三層 陽台 雨遮
RPPNMLMLMHHGFDQ88EA,40,104.24,住商用,鋼筋混凝土加強磚造,71年2月28日,二層,一層 二層
RPTNMLMLMHHGFDQ56DA,11,80.72,住家用,鋼骨構造,100年6月23日,一層,一層
RPTNMLKLMHHGFCQ88DA,,229.00,住家用,鋼筋混凝土造,110年11月25日,四層,一層 二層 三層 四層 見其他登記事項
RPUNMLKLMHHGFCQ98DA,,230.08,住家用,鋼筋混凝土造,110年11月25日,四層,一層 二層 三層 四層 見其他登記事項
RPSNMLKLMHHGFCQ78DA,,240.94,住家用,鋼筋混凝土造,110年11月25日,四層,一層 二層 三層 四層 見其他登記事項
RPVNMLQKLHHGFBQ76DA,28,197.79,住家用,鋼筋混凝土造,83年6月21日,三層,一層 二層 三層 陽台 電梯樓梯間
RPPNMLMLMHHGFBQ58DA,47,81.00,住家用,鋼筋混凝土加強磚造,64年4月1日,二層,一層 二層
RPPNMLKLMHHGFCQ48DA,2,149.14,住家用,鋼筋混凝土造,109年7月31日,三層,一層 二層 三層 見其他登記事項
RPRNMLQLLHHGFDQ66DA,29,184.69,住商用,鋼筋混凝土造,81年12月18日,三層,一層 二層 三層 電梯樓梯間 見其他登記事項
RPSNMLPLMHHGFCQ66DA,25,174.82,住家用,鋼筋混凝土造,86年2月3日,四層,一層 二層 三層 四層
RPUPMLSLLHHGFCQ27DA,30,179.33,住家用,鋼筋混凝土造,81年3月12日,四層,一層 二層 三層 四層 騎樓
RPVNMLTKMHHGFDQ37DA,23,209.72,住商用,鋼筋混凝土造,88年6月3日,四層,一層 二層 三層 四層 陽台 雨遮
RPQNMLOKMHHGFDQ98DA,,227.98,住商用,鋼筋混凝土造,,三層,一層 二層 三層 電梯樓梯間
RPQNMLKLMHHGFDQ68DA,28,21.52,防空避難室、樓梯間﹝共同使用﹞,鋼筋混凝土造,83年8月19日,七層,
RPQNMLKLMHHGFDQ68DA,28,207.45,店舖、集合住宅、起居室,鋼筋混凝土造,83年8月19日,七層,一層 二層 三層 陽台 平台 地下層
RPPNMLTKMHHGFDQ76DA,31,157.47,住家用,鋼筋混凝土造,80年9月3日,三層,一層 二層 三層 電梯樓梯間 見其他登記事項
RPWNMLPLMHHGFCQ17EA,42,201.74,住商用,鋼筋混凝土加強磚造,69年4月10日,三層,一層 二層 三層 騎樓 電梯樓梯間
RPUNMLTKMHHGFEQ37DA,26,185.47,住家用,鋼筋混凝土造,84年10月20日,三層,一層 二層 三層 陽台
RPXNMLQLMHHGFDQ37DA,37,98.33,住家用,鋼筋混凝土加強磚造,73年10月18日,二層,一層 二層 電梯樓梯間
RPTNMLPLMHHGFCQ76DA,10,172.18,住宅、樓梯間,鋼筋混凝土造,101年4月25日,三層,一層 二層 三層 見其他登記事項 見其他登記事項
RPVNMLMLMHHGFCQ66DA,16,173.77,住家用,鋼筋混凝土造,95年8月23日,四層,一層 二層 三層 四層 見其他登記事項
RPVNMLMLMHHGFDQ76DA,42,90.10,住家用,鋼筋混凝土加強磚造,69年3月1日,二層,一層 二層
RPXNMLPLMHHGFDQ27DA,28,167.01,住家用,鋼筋混凝土造,83年3月3日,三層,一層 二層 三層 見其他登記事項
RPOOMLQJMHHGFDQ98DA,17,1.59,門廳、遊憩設施,鋼筋混凝土造,94年8月26日,三層,一層 二層 三層
RPOOMLQJMHHGFDQ98DA,17,5.08,門廳、遊憩設施、機械空間、梯間、游泳池,鋼筋混凝土造,94年8月26日,二層,一層 二層 地下一層 地下二層
RPOOMLQJMHHGFDQ98DA,15,335.02,集合住宅、停車空間、機電設備,鋼筋混凝土造,95年12月22日,四層,一層 二層 三層 四層 地下層 見其他登記事項
RPOOMLSLMHHGFDQ86EA,25,73.91,住房、集合住宅,鋼筋混凝土造,86年6月23日,7,四層 陽台 花台
RPOOMLSLMHHGFDQ86EA,25,12.58,見其他登記事項,鋼筋混凝土造,86年6月23日,七層,
RPOOMLSLMHHGFDQ86EA,25,13.09,樓梯間室、機械室、水箱、瞭望台,鋼筋混凝土造,86年6月23日,七層,
RPVNMLRLMHHGFCQ17DA,40,114.78,住商用,鋼筋混凝土加強磚造,70年12月31日,二層,一層 二層 騎樓 電梯樓梯間
RPPNMLRLMHHGFDQ76EA,5,102.84,集合住宅,鋼筋混凝土造,106年4月21日,十五層,三層 陽台 雨遮
RPPNMLRLMHHGFDQ76EA,5,16.41,本共有之項目有公共服務空間、管委會使用空間、防災中心、大廳、迴廊、頂蓋型開放空間、車道、機車停車空間、台電配電室﹝一﹞﹝二﹞﹝三﹞、排風機房、守衛室、垃圾儲藏室、垃圾車暫停區、緊急發電機室、泳池機房、泳池水箱、公共水箱、雨水蓄留機房、儲藏室、消防泵浦、汙水機房、採光井﹝上方投影﹞、電信室、地下一層車位﹝２３１、２３２﹞等２６項　,鋼筋混凝土造,106年4月21日,十六層,
RPPNMLRLMHHGFDQ76EA,5,27.03,本共有之項目有梯廳、梯廳兼排煙室、排煙室、Ａ棟水箱、水錶室、電錶室、垃圾暫存、樓梯間、電梯機房、水箱、消防水箱等１１項。,鋼筋混凝土造,106年4月21日,十五層,
RPPNMLRLMHHGFDQ76EA,5,29.87,本共有之項目有車道、防空避難室兼停車空間、停車空間等３項,鋼筋混凝土造,106年4月21日,十六層,
RPPOMLPKLHHGFDQ98DA,19,3.46,集合住宅,鋼筋混凝土造,92年5月5日,五層,
RPPOMLPKLHHGFDQ98DA,19,20.25,集合住宅,鋼筋混凝土造,92年5月5日,五層,一層 陽台
RPTNMLPLMHHGFDQ86DA,15,211.88,店舖、住宅、停車空間,鋼筋混凝土造,96年2月8日,四層,一層 二層 三層 四層 見其他登記事項
RPSNMLMJNHHGFCQ98EA,42,57.45,住家用,鋼筋混凝土加強磚造,68年12月31日,二層,一層 二層 電梯樓梯間
RPRNMLRLMHHGFDQ86DA,44,83.14,住家用,鋼筋混凝土加強磚造,67年6月16日,二層,一層 二層
RPRNMLMLMHHGFDQ98DA,1,191.86,住家用,鋼筋混凝土造,110年3月17日,三層,一層 二層 三層 陽台 見其他登記事項
RPQNMLTLMHHGFDQ07EA,24,206.02,住家用,鋼筋混凝土造,86年10月8日,四層,一層 二層 三層 四層 見其他登記事項
RPWNMLQJMHHGFBQ86DA,16,19.19,住家用,鋼筋混凝土造,95年8月28日,八層,四層 陽台
RPWNMLQJMHHGFBQ86DA,16,4.61,共有部分,鋼筋混凝土造,95年8月28日,,
RPWNMLQJMHHGFBQ86DA,16,7.43,共有部分,鋼筋混凝土造,95年8月28日,,
RPTNMLRLMHHGFBQ86DA,3,240.34,住宅、住宅（附屬機房）,鋼筋混凝土造,107年10月23日,四層,一層 二層 三層 四層 陽台 雨遮 屋簷 見其他登記事項
RPTNMLRLMHHGFBQ86DA,3,1.13,本共有部分之項目有電信室、郵務室、警衛室、廁所、噴灌機房、垃圾貯存室及雨遮等七項。,鋼筋混凝土造,107年10月23日,一層,
RPUNMLRLMHHGFBQ96DA,3,240.14,住宅、住宅（附屬機房）,鋼筋混凝土造,107年10月23日,四層,一層 二層 三層 四層 陽台 雨遮 屋簷 見其他登記事項
RPUNMLRLMHHGFBQ96DA,3,1.13,本共有部分之項目有電信室、郵務室、警衛室、廁所、噴灌機房、垃圾貯存室及雨遮等七項。,鋼筋混凝土造,107年10月23日,一層,
RPPOMLTKMHHGFBQ66DA,16,4.20,共有部分,鋼筋混凝土造,95年8月28日,,
RPPOMLTKMHHGFBQ66DA,16,4.77,共有部分,鋼筋混凝土造,95年8月28日,,
RPPOMLTKMHHGFBQ66DA,16,15.06,住家用,鋼筋混凝土造,95年8月28日,八層,六層 陽台
RPPOMLTKMHHGFBQ66DA,16,16.85,住家用,鋼筋混凝土造,95年8月28日,八層,六層 陽台
RPPOMLTKMHHGFBQ66DA,16,5.78,共有部分,鋼筋混凝土造,95年8月28日,,
RPPOMLTKMHHGFBQ66DA,16,6.21,共有部分,鋼筋混凝土造,95年8月28日,,
RPVNMLRLMHHGFBQ07DA,3,241.59,住宅、住宅（附屬機房）,鋼筋混凝土造,107年10月23日,四層,一層 二層 三層 四層 陽台 雨遮 屋簷 見其他登記事項
RPVNMLRLMHHGFBQ07DA,3,1.13,本共有部分之項目有電信室、郵務室、警衛室、廁所、噴灌機房、垃圾貯存室及雨遮等七項。,鋼筋混凝土造,107年10月23日,一層,
RPUNMLQLMHHGFBQ86DA,49,180.12,住家用,鋼筋混凝土加強磚造,62年5月15日,二層,一層 二層 騎樓 電梯樓梯間
RPTNMLMJNHHGFCQ98DA,29,10.16,共有部分,鋼筋混凝土造,81年11月30日,地下層,
RPTNMLLKMHHGFBQ78DA,26,178.28,住商用,鋼筋混凝土造,84年10月26日,三層,一層 二層 三層 陽台 電梯樓梯間
RPTNMLMJNHHGFCQ98DA,29,100.33,住家用,鋼筋混凝土造,81年11月30日,五層,四層 陽台
RPTNMLMJNHHGFCQ98DA,29,6.94,共有部分,鋼筋混凝土造,81年11月30日,五層,
RPXNMLQJMHHGFBQ96DA,16,4.20,共有部分,鋼筋混凝土造,95年8月28日,,
RPXNMLQJMHHGFBQ96DA,16,15.06,住家用,鋼筋混凝土造,95年8月28日,八層,七層 陽台
RPXNMLQJMHHGFBQ96DA,16,5.72,共有部分,鋼筋混凝土造,95年8月28日,,
RPRNMLTLMHHGFCQ96DA,15,232.04,住宅、停車空間,鋼筋混凝土造,96年7月19日,四層,一層 二層 三層 四層 見其他登記事項
RPVNMLNJNHHGFDQ76DA,42,156.75,住商用,鋼筋混凝土造,69年5月22日,三層,一層 二層 三層 電梯樓梯間
RPOOMLOJNHHGFBQ68DA,2,273.51,店鋪、住宅、停車空間、樓梯間,鋼筋混凝土造,109年5月8日,四層,一層 二層 三層 四層 陽台 見其他登記事項
RPOOMLQJMHHGFBQ78DA,16,19.19,住家用,鋼筋混凝土造,95年8月28日,八層,二層 陽台
RPOOMLQJMHHGFBQ78DA,16,19.19,住家用,鋼筋混凝土造,95年8月28日,八層,二層 陽台
RPOOMLQJMHHGFBQ78DA,16,4.61,共有部分,鋼筋混凝土造,95年8月28日,,
RPOOMLQJMHHGFBQ78DA,16,4.61,共有部分,鋼筋混凝土造,95年8月28日,,
RPOOMLQJMHHGFBQ78DA,16,7.43,共有部分,鋼筋混凝土造,95年8月28日,,
RPRNMLSKLHHGFDQ76DA,8,200.82,住宅、樓梯間,鋼筋混凝土造,102年9月17日,三層,一層 二層 三層 陽台 見其他登記事項
RPOOMLQJMHHGFBQ78DA,16,7.43,共有部分,鋼筋混凝土造,95年8月28日,,
RPVNMLNJNHHGFCQ66DA,1,261.33,店舖、住宅,鋼筋混凝土造,110年7月22日,四層,一層 二層 三層 四層 見其他登記事項
RPPNMLOJNHHGFDQ88DA,42,100.22,住家用,鋼筋混凝土加強磚造,69年3月24日,二層,一層 二層 電梯樓梯間
RPSNMLOJNHHGFDQ56DA,7,234.57,住宅、停車空間、樓梯間,鋼筋混凝土造,103年9月29日,四層,一層 二層 三層 四層 陽台 見其他登記事項
RPPNMLQJNHHGFEQ56DA,39,34.24,住家用,鋼筋磚木造,71年11月9日,一層,一層
RPWNMLQJNHHGFDQ17DA,29,96.30,農舍,鋼造,82年1月20日,一層,一層
RPTNMLTLLHHGFEQ27DA,29,38.83,住家用,鋼筋混凝土造,82年4月1日,十八層,二層 陽台
RPTNMLTLLHHGFEQ27DA,29,7.53,梯間,鋼筋混凝土造,82年4月1日,十八層,
RPTNMLTLLHHGFEQ27DA,29,1.75,守衛室．健身房．游泳池．防空避難室兼停車場,鋼筋混凝土造,82年4月1日,,
RPSNMLTLMHHGFCQ07DA,22,244.91,農舍,鋼筋混凝土造,89年7月14日,二層,一層 二層
RPSNMLTLMHHGFCQ07DA,22,245.51,農舍,鋼筋混凝土造,89年7月14日,二層,一層 二層
RPQNMLQJNHHGFDQ56DA,14,250.30,住商用,鋼筋混凝土造,97年7月4日,四層,一層 二層 三層 四層 陽台 雨遮
RPUNMLMKNHHGFCQ66EA,,243.68,住宅、樓梯間,鋼筋混凝土造,111年1月26日,三層,一層 二層 三層 見其他登記事項 見其他登記事項
RPROMLTLMHHGFDQ17DA,1,191.78,住家用,鋼筋混凝土造,110年3月17日,三層,一層 二層 三層 陽台 見其他登記事項
RPUNMLMKNHHGFBQ09DA,27,163.48,住商用,鋼骨鋼筋混凝土造,84年4月28日,四層,一層 二層 三層 四層 陽台
RPUOMLLKNHHGFCQ56DA,27,174.30,住商用,鋼筋混凝土造,84年3月17日,四層,一層 二層 三層 四層 騎樓
RPOOMLMKNHHGFDQ88EA,27,247.25,停車場、運動間、住宅,鋼筋混凝土造,84年5月18日,四層,一層 二層 三層 四層 地下層 見其他登記事項
RPQNMLPKMHHGFDQ09DA,41,124.27,住家用,鋼筋混凝土加強磚造,70年1月21日,二層,一層 二層 電梯樓梯間
RPTNMLNKNHHGFCQ56DA,28,9.72,共有部分,鋼筋混凝土造,83年8月10日,七層,
RPTNMLNKNHHGFCQ56DA,28,13.17,共有部分,鋼筋混凝土造,83年8月10日,七層,
RPTNMLNKNHHGFCQ56DA,28,87.64,集合住宅,鋼筋混凝土造,83年8月10日,七層,五層 陽台
RPQNMLPKNHHGFCQ09DA,27,220.90,住商用,鋼筋混凝土造,83年9月16日,四層,一層 二層 三層 四層 騎樓 電梯樓梯間 見其他登記事項
RPXOMLLKNHHGFCQ86DA,38,89.94,住家用,鋼筋混凝土造,72年9月26日,四層,一層 二層
RPVNMLQKNHHGFDQ17DA,25,75.61,住家用,鋼筋混凝土造,86年5月24日,五層,四層 陽台
RPSNMLNKNHHGFBQ98DA,26,215.51,住商用,鋼筋混凝土造,85年3月7日,四層,一層 二層 三層 四層 騎樓
RPVNMLQKNHHGFDQ17DA,25,10.31,電梯、水箱、機械房、梯間,鋼筋混凝土造,86年5月24日,五層,
RPVNMLQKNHHGFDQ17DA,25,24.40,公共設施、防空避難室、停車空間,鋼筋混凝土造,86年5月24日,五層,
RPQPMLKKNHHGFDQ88DA,2,222.60,工業用,鋼骨構造,109年3月16日,一層,一層
RPSNMLSKNHHGFDQ07DA,,174.52,住家用,鋼筋混凝土造,110年11月29日,三層,一層 二層 三層 陽台 見其他登記事項
RPUNMLQJNHHGFCQ86DA,2,177.31,住宅、樓梯間,鋼筋混凝土造,109年5月29日,三層,一層 二層 三層 見其他登記事項 見其他登記事項
RPSNMLTKNHHGFCQ07DA,42,101.86,住家用,鋼筋混凝土加強磚造,68年11月6日,二層,一層 二層 騎樓
RPVNMLSKNHHGFDQ37DA,,187.79,住家用,鋼筋混凝土造,111年1月19日,四層,一層 二層 三層 四層 陽台
RPXOMLQJMHHGFCQ17DA,28,104.70,住家用,鋼筋混凝土造,82年12月14日,七層,六層 陽台 花台 雨遮
RPXOMLQJMHHGFCQ17DA,28,9.47,共有部分,鋼筋混凝土造,82年12月14日,七層,
RPXOMLQJMHHGFCQ17DA,28,9.90,共有部分,鋼筋混凝土造,82年12月14日,七層,
RPPNMLLLNHHGFDQ78DA,42,147.51,住家用,鋼筋混凝土加強磚造,69年1月28日,二層,一層 二層 防空避難室 騎樓
RPUNMLTKNHHGFCQ27DA,26,71.53,農舍,鐵造,84年10月18日,一層,一層
RPOOMLPLNHHGFDQ56DA,17,7.19,停車空間、電信室、台電配電室、機械室、集合住宅,鋼筋混凝土造,94年8月15日,五層,
RPOOMLPLNHHGFDQ56DA,17,16.15,集合住宅,鋼筋混凝土造,94年8月15日,五層,五層 陽台
RPWNMLPKMHHGFCQ96DA,18,206.34,集合住宅,鋼筋混凝土造,92年12月23日,三層,一層 二層 三層 見其他登記事項
RPXOMLNLNHHGFBQ07DA,12,.88,管理員室,鋼筋混凝土造,98年11月11日,二層,一層 二層 見其他登記事項
RPXOMLNLNHHGFBQ07DA,12,224.13,住商用,鋼筋混凝土造,98年11月11日,四層,一層 二層 三層 四層 見其他登記事項
RPUNMLQLNHHGFDQ17DA,4,185.84,停車空間、店舖、住宅、樓梯間,鋼筋混凝土造,106年11月10日,四層,一層 二層 三層 四層 陽台 見其他登記事項
RPWNMLLJOHHGFCQ66DA,33,101.65,住家用,鋼筋混凝土加強磚造,78年3月31日,二層,一層 二層 騎樓 電梯樓梯間
RPPNMLRJOHHGFCQ56DA,40,137.97,住家用,鋼筋混凝土加強磚造,70年12月29日,二層,一層 二層 陽台 電梯樓梯間
RPXNMLLJOHHGFDQ86DA,34,65.45,住家用,鋼筋混凝土造,77年1月21日,三層,一層 二層 三層 陽台 平台
RPPNMLLJLHHGFCQ28DA,34,200.86,農舍,磚造,77年4月26日,一層,一層 騎樓
RPPNMLLJLHHGFCQ28DA,34,266.60,農舍,磚造,77年4月26日,一層,一層 騎樓
RPQNMLLKLHHGFEQ78EA,43,92.25,住家用,鋼筋混凝土加強磚造,68年5月17日,二層,一層 二層 騎樓
RPRNMLSJLHHGFCQ66EA,41,147.96,住商用,加強磚造,69年12月2日,二層,一層 二層 騎樓 電梯樓梯間
RPPNMLSJLHHGFCQ09EA,27,39.05,集合住宅,鋼筋混凝土造,84年5月2日,五層,五層 陽台
RPPNMLSJLHHGFCQ09EA,27,9.26,共有部分,鋼筋混凝土造,84年5月2日,五層,
RPQNMLTJLHHGFCQ56DA,46,75.60,住家用,鋼筋混凝土加強磚造,65年1月17日,二層,一層 二層
RPPOMLKKLHHGFBQ28DA,18,21.15,住家用,鋼筋混凝土造,92年8月21日,五層,三層 陽台
RPPOMLKKLHHGFBQ28DA,18,5.77,門廳、走道、梯間,鋼筋混凝土造,92年8月21日,五層,
RPXNMLKKLHHGFBQ98DA,19,23.31,住家用,鋼筋混凝土造,92年2月14日,四層,四層 陽台
RPXNMLKKLHHGFBQ98DA,19,2.72,公共空間（樓梯間，電梯間）,鋼筋混凝土造,92年2月14日,四層,
RPXNMLKKLHHGFBQ98DA,19,4.03,公共空間,鋼筋混凝土造,92年2月14日,四層,
RPSNMLKKLHHGFCQ58DA,1,210.11,住家用,鋼筋混凝土造,110年5月31日,四層,一層 二層 三層 四層 見其他登記事項
RPUNMLTJLHHGFDQ07DA,18,162.67,住家用,鋼筋混凝土造,92年10月31日,三層,一層 二層 三層 電梯樓梯間 見其他登記事項
RPQNMLTJLHHGFEQ76DA,29,32.60,防空避難室兼停車場,鋼筋混凝土造,82年4月1日,,地下三層
RPQNMLTJLHHGFEQ76DA,29,.41,守衛室．健身房．游泳池．防空避難室兼停車場,鋼筋混凝土造,82年4月1日,,
RPUNMLKKLHHGFDQ88DA,43,108.42,住家用,鋼筋混凝土加強磚造,68年6月30日,二層,一層 二層 電梯樓梯間
RPTNMLLKLHHGFDQ88DA,42,93.40,住家用,鋼筋混凝土加強磚造,69年8月25日,二層,一層 二層 電梯樓梯間
RPTNMLTJLHHGFCQ86DA,8,196.90,住宅類場所、水箱,鋼筋混凝土造,103年8月6日,四層,一層 二層 三層 四層 見其他登記事項 見其他登記事項
RPPNMLMKKHHGFBQ28DA,15,189.53,農業資材室,鋼骨構造,96年1月15日,一層,一層
RPUNMLPKLHHGFBQ56DA,15,4.20,共有部分,鋼筋混凝土造,95年8月28日,,
RPUNMLPKLHHGFBQ56DA,15,15.06,住家用,鋼筋混凝土造,95年8月28日,八層,八層 陽台
RPUNMLPKLHHGFBQ56DA,15,5.72,共有部分,鋼筋混凝土造,95年8月28日,,
RPVNMLLKLHHGFCQ98DA,15,232.04,住宅、停車空間,鋼筋混凝土造,96年7月19日,四層,一層 二層 三層 四層 見其他登記事項
RPTNMLRJLHHGFCQ66DA,,152.72,住家用,鋼筋混凝土造,110年9月7日,三層,一層 二層 三層 見其他登記事項
RPXNMLRKKHHGFDQ17DA,44,89.65,住家用,鋼筋混凝土加強磚造,67年6月28日,二層,一層 二層
RPSNMLOKLHHGFCQ09EA,29,118.00,住家用,鋼筋混凝土造,82年5月18日,二層,一層 二層 陽台 電梯樓梯間
RPTNMLKKLHHGFDQ78DA,44,59.88,住家用,鋼筋混凝土加強磚造,67年1月5日,一層,一層
RPSNMLLKLHHGFDQ78DA,2,204.16,集合住宅,鋼筋混凝土造,108年11月15日,四層,一層 二層 三層 四層 見其他登記事項
RPQNMLQKLHHGFCQ09EA,46,106.25,住家用,鋼筋混凝土加強磚造,65年3月3日,二層,一層 二層 騎樓
RPROMLPKKHHGFDQ09DA,44,88.00,住家用,鋼筋混凝土加強磚造,67年7月10日,二層,一層 二層
RPTNMLPKLHHGFCQ66EA,1,191.77,住家用,鋼筋混凝土造,110年4月19日,三層,一層 二層 三層 見其他登記事項
RPSNMLKKLHHGFDQ68DA,1,202.39,住商用,鋼筋混凝土造,109年11月6日,四層,一層 二層 三層 四層 陽台
RPTOMLOKLHHGFCQ56DA,45,61.56,住家用,鋼筋混凝土加強磚造,66年3月15日,二層,一層 二層
RPSNMLRKLHHGFBQ56DA,28,97.17,住家用,鋼筋混凝土造,83年5月12日,七層,二層 陽台
RPSNMLRKLHHGFBQ56DA,28,38.27,樓梯間﹒避難室﹒停車場,鋼筋混凝土造,83年5月12日,七層,
RPOOMLPKLHHGFDQ88DA,41,116.72,住家用,鋼筋混凝土加強磚造,70年5月10日,二層,一層 二層 電梯樓梯間
RPRNMLQKLHHGFCQ56EA,40,94.60,住家用,鋼筋混凝土加強磚造,70年9月23日,二層,一層 二層 陽台
RPQNMLRKLHHGFBQ98DA,15,4.20,共有部分,鋼筋混凝土造,95年8月28日,,
RPQNMLRKLHHGFBQ98DA,15,4.20,共有部分,鋼筋混凝土造,95年8月28日,,
RPQNMLRKLHHGFBQ98DA,15,15.06,住家用,鋼筋混凝土造,95年8月28日,八層,五層 陽台
RPQNMLRKLHHGFBQ98DA,15,15.06,住家用,鋼筋混凝土造,95年8月28日,八層,五層 陽台
RPQNMLRKLHHGFBQ98DA,15,5.78,共有部分,鋼筋混凝土造,95年8月28日,,
RPQNMLRKLHHGFBQ98DA,15,5.78,共有部分,鋼筋混凝土造,95年8月28日,,
RPRNMLMJLHHGFDQ68DA,26,63.28,集合住宅,鋼筋混凝土造,84年12月27日,五層,三層 陽台
RPRNMLMJLHHGFDQ68DA,26,11.49,樓梯間、停車空間,鋼筋混凝土造,84年12月27日,五層,
RPVNMLOLKHHGFDQ76DA,17,8.78,集合住宅、停車空間,鋼筋混凝土造,94年2月4日,五層,
RPVNMLOLKHHGFDQ76DA,17,162.50,店舖、集合住宅、停車空間,鋼筋混凝土造,94年2月4日,三層,一層 二層 三層 見其他登記事項
RPPNMLQKLHHGFDQ09EA,42,90.10,住家用,鋼筋混凝土加強磚造,69年4月1日,二層,一層 二層
RPVNMLQKLHHGFDQ07EA,45,66.66,住家用,磚造,65年8月15日,一層,一層
RPUNMLQKLHHGFDQ86DA,27,3.59,梯間,鋼筋混凝土造,83年10月12日,七層,
RPUNMLQKLHHGFDQ86DA,27,13.09,停車場、防空避難室,鋼筋混凝土造,83年10月12日,七層,
RPUNMLQKLHHGFDQ86DA,27,155.89,住商用,鋼筋混凝土造,83年10月12日,七層,一層 二層 三層 見其他登記事項
RPPNMLRKLHHGFDQ09DA,42,95.70,住家用,鋼筋混凝土加強磚造,69年7月1日,二層,一層 二層
RPWNMLRKLHHGFCQ07DA,29,181.36,住家用,鋼筋混凝土造,82年4月26日,三層,一層 二層 三層 電梯樓梯間 見其他登記事項
RPQNMLQKLHHGFBQ88DA,15,78.87,商業用,鋼筋混凝土造,95年8月28日,八層,一層 陽台
RPQNMLQKLHHGFBQ88DA,15,45.28,共有部分,鋼筋混凝土造,95年8月28日,,
RPPNMLRKLHHGFBQ88DA,40,98.78,住商用,鋼筋混凝土加強磚造,71年2月3日,二層,一層 二層 電梯樓梯間
RPXNMLRKLHHGFDQ27DA,41,90.18,住家用,鋼筋混凝土加強磚造,70年4月1日,二層,一層 二層
RPQNMLSKLHHGFDQ66DA,42,90.10,住家用,鋼筋混凝土加強磚造,69年3月1日,二層,一層 二層
RPQOMLLLLHHGFDQ78DA,3,83.31,商業用,鋼筋混凝土造,108年2月23日,八層,一層
RPQOMLLLLHHGFDQ78DA,3,53.02,本共有之項目有停車空間、機械設備空間、水箱、台電配電室、防空避難室、門廳、管委會使用空間、樓梯間、水錶室、機械室等１０項。,鋼筋混凝土造,108年2月23日,八層,
RPXNMLQKLHHGFDQ17DA,40,102.40,住家用,鋼筋混凝土加強磚造,70年11月15日,二層,一層 二層 電梯樓梯間
RPPNMLMLLHHGFDQ68DA,41,97.38,住家用,鋼筋混凝土加強磚造,69年10月13日,二層,一層 二層
RPTNMLSKLHHGFCQ86DA,17,182.81,集合住宅、車庫,鋼筋混凝土造,94年2月21日,三層,一層 二層 三層 電梯樓梯間 見其他登記事項
RPSNMLPLKHHGFCQ09DA,27,175.52,住商用,鋼筋混凝土造,83年10月4日,五層,一層 二層 三層 平台 騎樓 見其他登記事項
RPSNMLPLKHHGFCQ09DA,27,11.25,共有部分,鋼筋混凝土造,83年10月4日,五層,
RPPOMLTJKHHGFCQ09DA,29,187.52,住家用,鋼筋混凝土造,81年11月25日,三層,一層 二層 三層 電梯樓梯間
RPOOMLSJKHHGFCQ88DA,3,138.99,住家用,鋼筋混凝土造,107年9月4日,二層,一層 二層 見其他登記事項
RPSNMLNLLHHGFDQ09DA,29,169.18,住商用,鋼筋混凝土造,82年5月17日,三層,一層 二層 三層 見其他登記事項
RPPNMLPLLHHGFEQ56EA,37,122.76,住家用,鋼筋混凝土加強磚造,74年7月12日,二層,一層 二層 騎樓
RPPNMLNLLHHGFDQ78DA,16,1.71,機械室、樓梯間、垃圾處理場、管理中心,鋼筋混凝土造,95年7月18日,三層,一層 二層 三層 地下層 見其他登記事項
RPPNMLNLLHHGFDQ78DA,16,.72,機械室、樓梯間,鋼筋混凝土造,95年7月18日,一層,地下層
RPPNMLNLLHHGFDQ78DA,16,1.26,機械室、樓梯間、開放空間、交誼室,鋼筋混凝土造,95年7月18日,四層,一層 二層 三層 四層 地下層 見其他登記事項
RPPNMLNLLHHGFDQ78DA,16,281.47,集合住宅,鋼筋混凝土造,95年7月18日,四層,一層 二層 三層 四層 見其他登記事項
RPQOMLLLLHHGFCQ68DA,5,228.76,住宅、樓梯間,鋼筋混凝土造,106年8月3日,三層,一層 二層 三層 見其他登記事項 見其他登記事項
RPPNMLOLLHHGFCQ78DA,42,134.20,住商用,鋼筋混凝土加強磚造,68年11月3日,二層,一層 二層
RPXNMLNLLHHGFBQ76DA,38,142.50,住商用,鋼筋混凝土加強磚造,73年6月19日,三層,一層 二層 三層 電梯樓梯間
RPPNMLPKLHHGFCQ78DA,20,33.34,停車空間,鋼筋混凝土造,91年7月25日,五層,
RPPNMLPKLHHGFCQ78DA,20,102.61,集合住宅,鋼筋混凝土造,91年7月25日,五層,五層 陽台 雨遮
RPPNMLPKLHHGFCQ78DA,20,12.17,梯間、機械室、水箱,鋼筋混凝土造,91年7月25日,五層,
RPPNMLPKLHHGFCQ78DA,20,.61,蓄水池,鋼筋混凝土造,91年7月25日,五層,
RPQNMLSKKHHGFCQ09DA,25,98.12,集合住宅,鋼筋混凝土造,85年11月15日,五層,一層 陽台
RPQNMLSKKHHGFCQ09DA,25,9.83,共有部分,鋼筋混凝土造,85年11月15日,五層,
RPVNMLNLLHHGFDQ76DA,42,174.80,住商用,鋼筋混凝土加強磚造,69年2月14日,三層,一層 二層 三層 騎樓 電梯樓梯間
RPQNMLSKKHHGFCQ09DA,25,.52,共有部分,鋼筋混凝土造,85年11月15日,地下二層,
RPQOMLPKKHHGFDQ98DA,42,174.68,住家用,鋼筋混凝土加強磚造,69年2月14日,三層,一層 二層 三層 騎樓 電梯樓梯間
RPPNMLQLLHHGFDQ09DA,27,125.80,住家用,鋼筋混凝土造,83年10月15日,三層,一層 二層 三層 陽台
RPRNMLSLLHHGFBQ66DA,15,19.19,住家用,鋼筋混凝土造,95年8月28日,八層,三層 陽台
RPRNMLSLLHHGFBQ66DA,15,4.61,共有部分,鋼筋混凝土造,95年8月28日,,
RPRNMLSLLHHGFBQ66DA,15,7.43,共有部分,鋼筋混凝土造,95年8月28日,,
RPQNMLSLLHHGFBQ56DA,19,78.42,住商用,鋼筋混凝土造,92年2月14日,四層,一層 二層 陽台
RPQNMLSLLHHGFBQ56DA,19,10.23,公共空間（樓梯間，電梯間）,鋼筋混凝土造,92年2月14日,四層,
RPSNMLOLKHHGFBQ88DA,15,4.20,共有部分,鋼筋混凝土造,95年8月28日,,
RPSNMLOLKHHGFBQ88DA,15,15.06,住家用,鋼筋混凝土造,95年8月28日,八層,四層 陽台
RPSNMLOLKHHGFBQ88DA,15,5.78,共有部分,鋼筋混凝土造,95年8月28日,,
RPWNMLKKLHHGFBQ88DA,20,19.37,住家用,鋼筋混凝土造,91年4月23日,四層,三層 陽台
RPWNMLKKLHHGFBQ88DA,20,1.83,共有部分,鋼筋混凝土造,91年4月23日,四層,
RPWNMLKKLHHGFBQ88DA,20,4.85,共有部分,鋼筋混凝土造,91年4月23日,四層,
RPPNMLTLLHHGFBQ56DA,38,121.51,住家用,鋼筋混凝土加強磚造,73年3月10日,二層,一層 二層 騎樓 電梯樓梯間
RPTNMLKMLHHGFBQ78DA,31,118.70,住商用,鋼筋混凝土造,79年10月5日,三層,一層 二層 三層 騎樓
RPRNMLPLLHHGFEQ66DA,29,118.55,住家用,鋼筋混凝土造,82年4月1日,十八層,十三層 陽台
RPRNMLPLLHHGFEQ66DA,29,19.59,梯間,鋼筋混凝土造,82年4月1日,十八層,
RPRNMLPLLHHGFEQ66DA,29,5.61,守衛室．健身房．游泳池．防空避難室兼停車場,鋼筋混凝土造,82年4月1日,,
RPWOMLKMLHHGFDQ76DA,18,7.12,集合住宅,鋼筋混凝土造,93年6月9日,五層,
RPWOMLKMLHHGFDQ76DA,18,24.15,集合住宅,鋼筋混凝土造,93年6月9日,五層,四層 陽台
RPSNMLSLLHHGFDQ07EA,45,66.66,住家用,磚造,65年8月15日,一層,一層
RPQNMLQLLHHGFDQ56DA,30,157.47,住家用,鋼筋混凝土造,80年12月31日,三層,一層 二層 三層 騎樓 電梯樓梯間
RPXNMLPLLHHGFCQ07DA,13,190.28,住家用,鋼筋混凝土造,97年11月10日,四層,一層 二層 三層 四層 見其他登記事項
RPWNMLSLLHHGFBQ17DA,15,169.49,住家用,鋼筋混凝土造,96年2月13日,三層,一層 二層 三層 見其他登記事項
RPUOMLKMLHHGFDQ56DA,18,5.97,集合住宅,鋼筋混凝土造,93年6月9日,五層,
RPUOMLKMLHHGFDQ56DA,18,20.72,集合住宅,鋼筋混凝土造,93年6月9日,五層,四層 陽台
RPTOMLSJLHHGFDQ96DA,28,21.52,防空避難室、樓梯間﹝共同使用﹞,鋼筋混凝土造,83年8月19日,七層,
RPTOMLSJLHHGFDQ96DA,28,10.90,停車場（共同使用）,鋼筋混凝土造,83年8月19日,七層,
RPTOMLSJLHHGFDQ96DA,28,110.17,集合住宅,鋼筋混凝土造,83年8月19日,七層,四層 陽台
RPPNMLQLLHHGFCQ98DA,40,111.71,住家用,鋼筋混凝土加強磚造,70年12月29日,二層,一層 二層 陽台
RPRNMLKMLHHGFCQ68DA,28,75.34,集合住宅,鋼筋混凝土造,83年8月8日,十一層,九層 陽台
RPRNMLKMLHHGFCQ68DA,28,15.71,共有部分,鋼筋混凝土造,83年8月8日,十一層,
RPRNMLKMLHHGFCQ68DA,28,19.30,共有部分,鋼筋混凝土造,83年8月8日,十一層,
RPVNMLLMLHHGFDQ76EA,44,106.98,住商用,鋼筋混凝土加強磚造,67年6月30日,二層,一層 二層 騎樓 廚房
RPSOMLKMLHHGFDQ98DA,27,202.60,住家用,鋼筋混凝土造,84年1月27日,四層,一層 二層 三層 四層 陽台
RPQOMLKMLHHGFCQ68DA,39,108.38,住家用,鋼筋混凝土加強磚造,72年6月20日,二層,一層 二層 騎樓 電梯樓梯間
RPRNMLTLLHHGFCQ86DA,29,6.14,共有部分,鋼筋混凝土造,81年11月30日,地下層,
RPRNMLTLLHHGFCQ86DA,29,6.64,共有部分,鋼筋混凝土造,81年11月30日,五層,
RPRNMLTLLHHGFCQ86DA,29,58.32,住家用,鋼筋混凝土造,81年11月30日,五層,五層 陽台
RPQNMLLJMHHGFDQ68EA,9,1998.60,溫室,鋼骨構造、鋼鐵構造﹝有牆﹞、鋼鐵構造﹝無牆﹞,101年9月7日,一層,一層
RPXNMLQKLHHGFCQ07DA,1,216.75,住家用,鋼筋混凝土造,110年5月31日,四層,一層 二層 三層 四層 見其他登記事項
RPUNMLLJMHHGFCQ88DA,16,176.40,住家用,鋼筋混凝土造,95年4月18日,三層,一層 二層 三層 電梯樓梯間 見其他登記事項
RPTNMLRJMHHGFCQ86EA,20,125.47,住家用,鋼筋混凝土造,91年1月14日,三層,一層 二層 三層 見其他登記事項
RPTNMLNLLHHGFCQ56EA,5,244.70,農舍,鋼筋混凝土造,105年8月29日,二層,一層 二層 見其他登記事項
RPSOMLLLLHHGFDQ98DA,38,178.85,住家用,鋼筋混凝土加強磚造,72年12月27日,三層,一層 二層 三層
RPQNMLOLLHHGFBQ78DA,36,175.79,住家用,鋼筋混凝土加強磚造,75年1月15日,二層,一層 二層 陽台 騎樓 電梯樓梯間
RPQNMLKMLHHGFCQ58DA,39,.31,集合住宅,鋼筋混凝土造,72年3月12日,五層,一層
RPQNMLKMLHHGFCQ58DA,39,.04,共有部分,鋼筋混凝土造,72年3月12日,五層,
RPQNMLKMLHHGFCQ58DA,39,76.65,住家用,鋼筋混凝土造,72年3月12日,五層,五層
RPPNMLMKMHHGFEQ88EA,31,150.58,住家用,鋼筋混凝土造,79年11月26日,三層,一層 二層 三層 電梯樓梯間
RPQNMLKMLHHGFCQ58DA,39,7.87,共有部分,鋼筋混凝土造,72年3月12日,五層,
RPQNMLPJMHHGFDQ98DA,42,108.92,住商用,鋼筋混凝土加強磚造,69年8月20日,二層,一層 二層 電梯樓梯間
RPSNMLRJMHHGFCQ66DA,16,228.34,停車空間、集合住宅,鋼筋混凝土造,95年8月14日,四層,一層 二層 三層 四層 見其他登記事項
RPWNMLNKMHHGFBQ66DA,1,264.03,住宅、停車空間,鋼筋混凝土造,110年7月27日,四層,一層 二層 三層 四層 陽台
RPXNMLSJMHHGFCQ27DA,29,92.85,集合住宅,鋼筋混凝土造,82年2月17日,五層,五層
RPXNMLSJMHHGFCQ27DA,29,10.13,共有部分,鋼筋混凝土造,82年2月17日,五層,
RPRNMLLKMHHGFDQ78DA,22,171.59,住商用,鋼筋混凝土造,89年6月30日,三層,一層 二層 三層 電梯樓梯間 見其他登記事項
RPUNMLSJMHHGFCQ96DA,29,137.03,住家用,鋼筋混凝土造,82年8月16日,三層,一層 二層 三層 電梯樓梯間
RPQOMLMKMHHGFDQ88DA,5,101.63,集合住宅,鋼筋混凝土造,106年4月21日,十六層,三層 陽台 雨遮
RPQOMLMKMHHGFDQ88DA,5,15.92,本共有之項目有公共服務空間、管委會使用空間、防災中心、大廳、迴廊、頂蓋型開放空間、車道、機車停車空間、台電配電室﹝一﹞﹝二﹞﹝三﹞、排風機房、守衛室、垃圾儲藏室、垃圾車暫停區、緊急發電機室、泳池機房、泳池水箱、公共水箱、雨水蓄留機房、儲藏室、消防泵浦、汙水機房、採光井﹝上方投影﹞、電信室、地下一層車位﹝２３１、２３２﹞等２６項　,鋼筋混凝土造,106年4月21日,十六層,
RPQOMLMKMHHGFDQ88DA,5,28.31,本共有之項目有梯廳、梯廳兼排煙室、排煙室、Ｃ棟水箱、水錶室、電錶室、垃圾暫存、樓梯間、電梯機房、水箱、消防水箱等１１項,鋼筋混凝土造,106年4月21日,十六層,
RPQOMLMKMHHGFDQ88DA,5,29.87,本共有之項目有車道、防空避難室兼停車空間、停車空間等３項,鋼筋混凝土造,106年4月21日,十六層,
RPOOMLNKMHHGFBQ58DA,26,139.25,住商用,鋼筋混凝土造,85年2月10日,四層,一層 二層 三層 四層 屋頂突出物 電梯樓梯間
RPSNMLRKKHHGFDQ66DA,29,196.30,住家用,鋼筋混凝土造,82年3月6日,四層,一層 二層 三層 四層 地下層 見其他登記事項
RPUNMLNKMHHGFCQ56DA,41,111.27,住商用,鋼筋混凝土加強磚造,70年3月20日,二層,一層 二層 陽台 騎樓 電梯樓梯間
RPPNMLPJLHHGFDQ78DA,17,120.13,住家用,鋼筋混凝土造,93年11月3日,三層,一層 二層 三層 陽台
RPTNMLTKMHHGFDQ17DA,28,182.13,住家用,鋼筋混凝土造,83年8月11日,三層,一層 二層 三層 地下層 見其他登記事項
RPQNMLMLMHHGFDQ98EA,21,236.05,住家用,鋼筋混凝土造,90年1月30日,三層,一層 二層 三層 見其他登記事項
RPVNMLQLMHHGFDQ17DA,23,229.54,停車空間　集合住宅,鋼筋混凝土造,88年3月29日,四層,一層 二層 三層 四層 陽台 地下層
RPPNMLNLMHHGFDQ88DA,,186.31,住家用,木造,,一層,一層
RPWNMLQLMHHGFBQ07DA,3,1586.92,雞舍、堆肥舍、倉儲設施、管理室,鋼鐵構造（有牆）,108年1月25日,一層,一層
RPWNMLQLMHHGFBQ07DA,1,1345.46,雞舍、倉儲設施、管理室,鋼鐵構造（有牆）,110年1月28日,一層,一層 見其他登記事項
RPSNMLLLMHHGFCQ88DA,,426.96,住宅、停車空間、梯廳,鋼筋混凝土造,110年11月25日,三層,一層 二層 三層 見其他登記事項
RPROMLLLMHHGFCQ88DA,,479.82,住宅、停車空間,鋼筋混凝土造,110年11月25日,三層,一層 二層 三層 見其他登記事項
RPWNMLLLMHHGFCQ66DA,,476.97,住宅、停車空間,鋼筋混凝土造,110年11月25日,三層,一層 二層 三層 見其他登記事項
RPTNMLQLMHHGFDQ96DA,41,53.88,住家用,鋼筋混凝土加強磚造,70年1月14日,一層,一層
RPPOMLLLMHHGFCQ68DA,,426.96,住宅、停車空間、梯廳,鋼筋混凝土造,110年11月25日,三層,一層 二層 三層 見其他登記事項
RPUNMLLLMHHGFCQ09DA,,455.64,機械室、住宅、停車空間、樓梯間、儲藏室,鋼筋混凝土造,110年11月25日,三層,一層 二層 三層 地下一層 見其他登記事項
RPVNMLLLMHHGFCQ56DA,,399.45,住宅、停車空間、樓梯間,鋼筋混凝土造,110年11月25日,三層,一層 二層 三層 見其他登記事項
RPQNMLKKNHHGFBQ58EA,24,341.41,住家用,鋼筋混凝土造,87年7月27日,四層,一層 二層 三層 四層 陽台
RPQNMLLKNHHGFDQ78DA,15,208.78,集合住宅、停車空間,鋼筋混凝土造,96年1月10日,四層,一層 二層 三層 四層 陽台 地下層
RPQNMLLKNHHGFDQ78DA,15,15.00,車道,鋼筋混凝土造,96年1月10日,,
RPPOMLQJNHHGFDQ56DA,26,235.12,住商用,鋼筋混凝土造,84年9月2日,四層,一層 二層 三層 四層 見其他登記事項
RPSOMLKKNHHGFDQ98DA,,160.77,住家用,鋼筋混凝土造,110年12月3日,二層,一層 二層 陽台
RPOOMLLLMHHGFCQ58DA,,426.96,住宅、停車空間、梯廳,鋼筋混凝土造,110年11月25日,三層,一層 二層 三層 見其他登記事項
RPQNMLPLNHHGFEQ86EA,24,263.65,農舍,鋼骨造,87年7月22日,二層,一層 二層 陽台
RPVNMLTKNHHGFCQ37DA,28,160.39,住家用,鋼筋混凝土造,83年6月29日,三層,一層 二層 三層 電梯樓梯間 見其他登記事項
RPWNMLKLNHHGFDQ86EA,30,302.11,住家用,鋼筋混凝土造,81年6月16日,三層,一層 二層 三層 陽台 電梯樓梯間
RPVNMLSJLHHGFDQ07DA,16,195.44,住家用,鋼筋混凝土造,94年10月5日,四層,一層 二層 三層 四層 陽台 見其他登記事項
RPTNMLSJLHHGFDQ96EA,23,87.78,集合住宅,鋼筋混凝土造,88年5月31日,五層,五層 陽台
RPTNMLSJLHHGFDQ96EA,23,10.93,樓梯間、機械室、水箱,鋼筋混凝土造,88年5月31日,五層,
RPTNMLSJLHHGFDQ96EA,23,.80,蓄水池,鋼筋混凝土造,88年5月31日,一層,
RPRNMLKKLHHGFEQ68DA,42,152.99,住家用,加強磚造,68年10月18日,三層,一層 二層 三層 騎樓
RPUNMLSJLHHGFCQ86DA,40,40.23,住家用,鋼筋混凝土加強磚造,70年12月16日,一層,一層
RPQNMLTJLHHGFBQ09DA,8,226.54,住宅，儲藏室，水箱,鋼筋混凝土造,103年6月25日,四層,一層 二層 三層 四層 陽台 見其他登記事項
RPOOMLTJLHHGFCQ09DA,40,134.08,住家用,鋼筋混凝土加強磚造,71年2月10日,二層,一層 二層 騎樓 電梯樓梯間
RPTNMLNJLHHGFCQ88DA,11,757.69,停車空間、集合住宅,鋼筋混凝土造,100年4月21日,四層,一層 二層 三層 四層 見其他登記事項
RPWNMLMLKHHGFDQ66DA,1,315.28,住宅、透空立體構架,鋼筋混凝土造,109年12月16日,四層,一層 二層 三層 四層 陽台 見其他登記事項
RPWNMLOKLHHGFBQ66DA,15,70.90,商業用,鋼筋混凝土造,95年8月28日,八層,一層 陽台
RPWNMLOKLHHGFBQ66DA,15,42.60,共有部分,鋼筋混凝土造,95年8月28日,,
RPSNMLSJLHHGFCQ66DA,54,28.79,住家用,磚木造,57年3月20日,一層,一層
RPUNMLOKLHHGFBQ09DA,27,82.29,住家用,鋼筋混凝土造,83年12月15日,五層,三層 陽台
RPUNMLOKLHHGFBQ09DA,27,19.30,樓電梯間、停車空間、車道,鋼筋混凝土造,83年12月15日,五層,
RPRNMLPKLHHGFCQ09EA,1,188.21,住家用,鋼筋混凝土造,110年4月19日,三層,一層 二層 三層 見其他登記事項
RPTNMLOKLHHGFCQ09DA,43,850.66,廠房及倉庫,ＲＣ磚造及鋼骨造,68年5月5日,一層,一層 夾層
RPTNMLOKLHHGFCQ09DA,43,279.68,商業用,ＲＣ磚造及鋼骨造,68年5月5日,一層,一層 夾層
RPTNMLOKLHHGFCQ09DA,43,38.21,更衣室,鋼筋混凝土加強磚造,68年5月5日,一層,一層
RPTNMLOKLHHGFCQ09DA,43,368.71,辦公廳及避難室,ＲＣ磚造及ＲＣ造,68年5月5日,二層,一層 二層 電梯樓梯間 地下層
RPTNMLOKLHHGFCQ09DA,43,22.79,守衛室,鋼筋混凝土加強磚造,68年5月5日,一層,一層
RPTNMLOKLHHGFCQ09DA,43,24.28,廁所,鋼筋混凝土加強磚造,68年5月5日,一層,一層
RPTNMLOKLHHGFCQ09DA,43,45.00,車庫,鋼造,68年5月5日,一層,一層
RPTNMLOKLHHGFCQ09DA,43,48.69,倉庫,鋼筋混凝土加強磚造,68年5月5日,一層,一層
RPTNMLOKLHHGFCQ09DA,35,322.08,避難室．餐廳．交誼室,ＲＣ造．ＲＣ磚造,75年11月3日,二層,一層 二層 電梯樓梯間 地下層
RPTNMLOKLHHGFCQ09DA,35,86.48,倉庫,ＲＣ磚．鋼骨造,75年11月3日,一層,一層
RPTNMLOKLHHGFCQ09DA,35,1119.22,機械房．置物室,鋼筋混凝土加強磚造,75年11月3日,二層,一層 二層 水塔
RPTNMLQKLHHGFCQ76EA,41,108.95,住家用,鋼筋混凝土加強磚造,69年10月30日,二層,一層 二層 騎樓
RPTNMLQKLHHGFDQ76DA,37,118.80,住家用,鋼筋混凝土加強磚造,74年6月20日,三層,一層 二層 三層 騎樓
RPQNMLOJLHHGFCQ68DA,40,102.90,住家用,鋼筋混凝土加強磚造,70年9月23日,二層,一層 二層 陽台 電梯樓梯間
RPQOMLPKLHHGFDQ09DA,6,189.86,住家用,鋼筋混凝土造,104年8月17日,四層,一層 二層 三層 四層 陽台
RPUNMLRKLHHGFDQ96DA,42,102.22,住家用,鋼筋混凝土加強磚造,69年3月1日,二層,一層 二層 騎樓
RPWNMLLLLHHGFCQ56DA,7,163.30,住家用,鋼筋混凝土造,104年1月16日,四層,一層 二層 三層 四層 見其他登記事項
RPPNMLLLLHHGFDQ68EA,23,132.56,集合住宅,鋼筋混凝土造,88年5月31日,三層,一層 二層 三層 陽台 雨遮
RPWOMLOLKHHGFEQ07DA,2,160.98,住宅,鋼筋混凝土造,109年1月14日,三層,一層 二層 三層 陽台
RPVNMLMLLHHGFDQ66DA,26,160.90,住家用,鋼筋混凝土造,84年10月26日,三層,一層 二層 三層 陽台 電梯樓梯間 見其他登記事項
RPSNMLTKJHHGFDQ76DA,2,209.00,工業用,鋼骨構造,109年3月16日,一層,一層
RPTNMLSKKHHGFEQ96DA,5,192.00,廠房,鋼骨構造,106年5月9日,一層,一層
RPRNMLPLLHHGFCQ09DA,41,80.36,住家用,鋼筋混凝土加強磚造,69年7月31日,二層,一層 二層
RPPNMLMLJHHGFDQ48DA,41,108.87,住家用,鋼筋混凝土加強磚造,70年2月26日,二層,一層 二層 騎樓
RPRNMLTLLHHGFDQ96DA,45,91.02,住家用,鋼筋混凝土加強磚造,66年1月25日,二層,一層 二層
RPPNMLQLJHHGFEQ98DA,29,33.90,住家用,鋼筋混凝土造,82年4月1日,十八層,二層 陽台
RPPNMLQLJHHGFEQ98DA,29,6.78,梯間,鋼筋混凝土造,82年4月1日,十八層,
RPPNMLQLJHHGFEQ98DA,29,1.75,守衛室．健身房．游泳池．防空避難室兼停車場,鋼筋混凝土造,82年4月1日,,
RPXPMLSLLHHGFCQ57DA,15,711.76,羊舍、管理室、倉儲設施、堆肥舍,水泥加強柱造,95年8月16日,一層,一層
RPXPMLSLLHHGFCQ57DA,15,4.01,廢水處理設施,水泥加強柱造,95年8月16日,一層,一層
RPRNMLLJMHHGFDQ78EA,11,152.56,住家用,鋼筋混凝土造,99年10月11日,三層,一層 二層 三層 陽台
RPQOMLRJMHHGFCQ56DA,28,155.26,住家用,鋼筋混凝土造,83年1月19日,三層,一層 二層 三層 平台 電梯樓梯間 見其他登記事項
RPVNMLRJKHHGFCQ76DA,,18405.95,雞舍、管理室、隔離檢疫場所、水塔放置間、檢驗室、防疫消毒設施、資料處理室、倉儲設施、堆肥舍、走廊、樓電梯、室外樓梯、泡藥室、防疫消毒室,鋼骨構造,110年11月12日,二層,一層 二層
RPXNMLNKMHHGFDQ96DA,52,107.72,住家用,木造,59年5月30日,一層,一層 騎樓
RPUPMLLKKHHGFCQ98DA,,47.75,辦公室,鋼筋混凝土造,110年11月18日,五層,一層 見其他登記事項
RPUPMLLKKHHGFCQ98DA,,.53,共有部分（乙棟）本共有部分之項目有丙梯、丁梯、一般昇降梯、梯廳、水錶室、機械室、水箱等７項,鋼筋混凝土造,110年11月18日,五層,
RPUPMLLKKHHGFCQ98DA,,18.04,共有部分（大公）本共有部分之項目有外廊、管委會空間、梯廳、停車空間等４項,鋼筋混凝土造,110年11月18日,五層,
RPPNMLLLMHHGFDQ78EA,42,105.16,住家用,鋼筋混凝土加強磚造,69年1月18日,二層,一層 二層 騎樓 電梯樓梯間
RPXNMLQJMHHGFDQ17DA,26,156.40,農舍,鐵骨造,85年4月19日,一層,一層
RPPOMLQLMHHGFDQ66DA,,160.77,住家用,鋼筋混凝土造,110年12月3日,二層,一層 二層 陽台
RPRNMLQLMHHGFBQ56DA,40,178.36,住商用,鋼筋混凝土加強磚造,71年4月14日,三層,一層 二層 三層 騎樓 電梯樓梯間
RPVNMLTJNHHGFBQ17DA,42,204.15,住商用,鋼筋混凝土加強磚造,68年10月3日,三層,一層 二層 三層 騎樓
RPPOMLTKNHHGFDQ96DA,5,127.38,集合住宅,鋼筋混凝土造,106年4月21日,十五層,二層 陽台
RPPOMLTKNHHGFDQ96DA,5,20.71,本共有之項目有公共服務空間、管委會使用空間、防災中心、大廳、迴廊、頂蓋型開放空間、車道、機車停車空間、台電配電室﹝一﹞﹝二﹞﹝三﹞、排風機房、守衛室、垃圾儲藏室、垃圾車暫停區、緊急發電機室、泳池機房、泳池水箱、公共水箱、雨水蓄留機房、儲藏室、消防泵浦、汙水機房、採光井﹝上方投影﹞、電信室、地下一層車位﹝２３１、２３２﹞等２６項　,鋼筋混凝土造,106年4月21日,十六層,
RPPOMLTKNHHGFDQ96DA,5,34.09,本共有之項目有梯廳、梯廳兼排煙室、排煙室、Ａ棟水箱、水錶室、電錶室、垃圾暫存、樓梯間、電梯機房、水箱、消防水箱等１１項。,鋼筋混凝土造,106年4月21日,十五層,
RPPOMLTKNHHGFDQ96DA,5,59.73,本共有之項目有車道、防空避難室兼停車空間、停車空間等３項,鋼筋混凝土造,106年4月21日,十六層,
RPPNMLPLNHHGFCQ09DA,28,161.30,住家用,鋼筋混凝土造,82年12月16日,三層,一層 二層 三層 電梯樓梯間 見其他登記事項
RPVNMLOLNHHGFDQ07DA,,160.77,住家用,鋼筋混凝土造,110年12月3日,二層,一層 二層 陽台
RPPNMLSLNHHGFCQ76DA,40,107.12,住家用,鋼造,70年11月5日,一層,一層
RPSOMLKKJHHGFCQ48DA,43,97.84,住家用,鋼筋混凝土加強磚造,67年7月1日,二層,一層 二層
RPSNMLTJLHHGFDQ86DA,29,144.16,住家用,鋼筋混凝土造,82年4月22日,三層,一層 二層 三層 見其他登記事項
RPUNMLMJLHHGFDQ98DA,23,132.56,集合住宅,鋼筋混凝土造,88年5月31日,三層,一層 二層 三層 陽台 雨遮
RPPOMLOKLHHGFCQ78DA,38,171.87,住商用,鋼筋混凝土造,72年12月12日,三層,一層 二層 三層 騎樓 電梯樓梯間
RPTOMLNJJHHGFDQ88DA,32,105.35,住家用,鋼筋混凝土造,78年8月19日,三層,一層 二層 三層 電梯樓梯間
RPRNMLLMLHHGFEQ98DA,28,68.96,住家用,鋼筋混凝土造,82年12月16日,二層,一層 二層 電梯樓梯間 地下層
RPRNMLMKMHHGFCQ78DA,43,91.68,住家用,磚石造,68年2月15日,一層,一層 騎樓
RPUPMLRJMHHGFDQ17DA,45,68.19,住家用,磚造,65年8月4日,一層,一層
RPTNMLOKMHHGFBQ09DA,3,299.86,住宅、住宅（附屬機房）,鋼筋混凝土造,107年10月23日,四層,一層 二層 三層 四層 陽台 雨遮 屋簷 見其他登記事項
RPTNMLOKMHHGFBQ09DA,3,1.13,本共有部分之項目有電信室、郵務室、警衛室、廁所、噴灌機房、垃圾貯存室及雨遮等七項。,鋼筋混凝土造,107年10月23日,一層,
RPUOMLQLMHHGFDQ17DA,,160.77,住家用,鋼筋混凝土造,110年12月3日,二層,一層 二層 陽台
RPXNMLSJLHHGFDQ27DA,,160.77,住家用,鋼筋混凝土造,110年12月3日,二層,一層 二層 陽台
RPSNMLOKLHHGFCQ98DA,,183.94,住家用,鋼筋混凝土造,110年12月2日,四層,一層 二層 三層 四層 見其他登記事項
RPQOMLRLMHHGFCQ86EA,,163.43,住家用,鋼筋混凝土造,111年2月16日,三層,一層 二層 三層 見其他登記事項
RPXNMLMLLHHGFEQ96DA,43,1755.00,廠房,鋼鐵造,67年11月15日,一層,一層
RPXNMLMLLHHGFEQ96DA,43,8.58,警衛室,加強磚造,67年11月15日,一層,一層
RPPNMLQJOHHGFBQ98DA,14,284.31,集合住宅、停車空間,鋼筋混凝土造,97年4月8日,四層,一層 二層 三層 四層 地下一層 見其他登記事項
RPPNMLQJOHHGFBQ98DA,14,4.62,管理委員會室,鋼筋混凝土造,97年4月8日,三層,
RPPNMLQJOHHGFBQ98DA,14,28.89,停車空間,鋼筋混凝土造,97年4月8日,四層,
RPPOMLTJNHHGFCQ76DA,29,8.46,共有部分,鋼筋混凝土造,81年11月30日,地下層,
RPPOMLTJNHHGFCQ76DA,29,81.59,住家用,鋼筋混凝土造,81年11月30日,五層,五層 陽台
RPPOMLTJNHHGFCQ76DA,29,6.94,共有部分,鋼筋混凝土造,81年11月30日,五層,
RPRPMLLKNHHGFDQ09DA,,177.17,住家用,鋼筋混凝土造,111年2月14日,三層,一層 二層 三層 陽台
RPOOMLNKMHHGFDQ78DA,,158.75,住家用,鋼筋混凝土造,110年12月3日,二層,一層 二層 陽台
RPWQMLLKNHHGFDQ07DA,,178.78,住家用,鋼筋混凝土造,111年2月14日,三層,一層 二層 三層 陽台
RPRNMLTJLHHGFDQ76DA,,160.77,住家用,鋼筋混凝土造,110年12月3日,二層,一層 二層 陽台
RPVNMLRJMHHGFDQ07DA,,178.77,住家用,鋼筋混凝土造,110年12月15日,三層,一層 二層 三層 陽台 見其他登記事項
RPUNMLLJMHHGFDQ98DA,,173.41,住家用,鋼筋混凝土造,110年11月29日,三層,一層 二層 三層 陽台 見其他登記事項
RPPOMLLKMHHGFCQ58DA,,79.89,集合住宅,鋼筋混凝土造,110年12月6日,五層,四層 見其他登記事項
RPPOMLLKMHHGFCQ58DA,,36.29,共有部分，本共有部分之項目有停車空間、梯廳、一般昇降梯、安全梯、樓梯間等５項,鋼筋混凝土造,110年12月6日,五層,
RPWNMLRJMHHGFDQ17DA,,167.34,住家用,鋼筋混凝土造,110年12月15日,三層,一層 二層 三層 陽台 見其他登記事項
RPSNMLOKLHHGFEQ66EA,53,18.95,住屋,木石磚造（雜木）,57年1月2日,一層,一層
RPXNMLPLLHHGFDQ17DA,,160.77,住家用,鋼筋混凝土造,110年12月3日,二層,一層 二層 陽台
RPUNMLTKMHHGFBQ07DA,15,4.20,共有部分,鋼筋混凝土造,95年8月28日,,
RPUNMLTKMHHGFBQ07DA,15,15.06,住家用,鋼筋混凝土造,95年8月28日,八層,三層 陽台
RPUNMLTKMHHGFBQ07DA,15,5.78,共有部分,鋼筋混凝土造,95年8月28日,,
RPWPMLLKNHHGFDQ96DA,,158.86,住家用,鋼筋混凝土造,111年2月14日,三層,一層 二層 三層 陽台
RPUPMLLKNHHGFDQ76DA,,160.89,住家用,鋼筋混凝土造,111年2月14日,三層,一層 二層 三層 陽台
RPRPMLOLNHHGFCQ76DA,,181.41,住宅、樓梯間,鋼筋混凝土造,111年3月9日,三層,一層 二層 三層 見其他登記事項 見其他登記事項
RPXNMLSLLHHGFCQ37DA,,154.45,住家用,鋼筋混凝土造,111年1月14日,三層,一層 二層 三層 見其他登記事項
RPQPMLOLNHHGFCQ66DA,,183.02,住宅、樓梯間,鋼筋混凝土造,111年3月9日,三層,一層 二層 三層 見其他登記事項 見其他登記事項
RPWOMLSLLHHGFCQ37DA,,171.24,住家用,鋼筋混凝土造,111年1月14日,三層,一層 二層 三層 見其他登記事項
RPXNMLRJMHHGFDQ27DA,,171.78,住家用,鋼筋混凝土造,110年12月15日,三層,一層 二層 三層 陽台 見其他登記事項
RPOPMLSLLHHGFCQ66DA,,152.53,住家用,鋼筋混凝土造,111年1月14日,三層,一層 二層 三層 見其他登記事項
RPOOMLSJLHHGFDQ09DA,,182.69,住家用,鋼筋混凝土造,110年12月3日,二層,一層 二層 陽台
RPQOMLOLLHHGFDQ09DA,,130.42,住家用,鋼筋混凝土造,111年1月18日,三層,一層 二層 三層 陽台
RPQOMLMKNHHGFCQ88DA,,206.42,住宅、梯間,鋼筋混凝土造,111年1月27日,三層,一層 二層 三層 見其他登記事項 見其他登記事項
RPSNMLOLLHHGFDQ56DA,,160.77,住家用,鋼筋混凝土造,110年12月3日,二層,一層 二層 陽台
RPSOMLSLLHHGFCQ96DA,,167.05,住家用,鋼筋混凝土造,111年1月14日,三層,一層 二層 三層 見其他登記事項
RPPOMLSLLHHGFCQ66DA,,170.56,住家用,鋼筋混凝土造,111年1月14日,三層,一層 二層 三層 見其他登記事項
RPXOMLMKLHHGFDQ86DA,,130.42,住家用,鋼筋混凝土造,111年1月18日,三層,一層 二層 三層 陽台
RPOOMLRJMHHGFDQ09DA,,173.14,住家用,鋼筋混凝土造,110年12月15日,三層,一層 二層 三層 陽台 見其他登記事項
RPUOMLRJMHHGFDQ07DA,,172.34,住家用,鋼筋混凝土造,110年12月15日,三層,一層 二層 三層 陽台 見其他登記事項
RPVOMLRJMHHGFDQ17DA,,172.34,住家用,鋼筋混凝土造,110年12月15日,三層,一層 二層 三層 陽台 見其他登記事項
RPTQMLLKNHHGFDQ76DA,,156.90,住家用,鋼筋混凝土造,111年2月14日,三層,一層 二層 三層 陽台
RPPOMLRJMHHGFDQ56DA,,173.81,住家用,鋼筋混凝土造,110年12月15日,三層,一層 二層 三層 陽台 見其他登記事項
RPVPMLLKNHHGFDQ86DA,,160.89,住家用,鋼筋混凝土造,111年2月18日,三層,一層 二層 三層 陽台
RPROMLMKLHHGFDQ88DA,,130.42,住家用,鋼筋混凝土造,111年1月18日,三層,一層 二層 三層 陽台
RPPPMLMKLHHGFDQ78DA,,134.85,住家用,鋼筋混凝土造,111年1月18日,三層,一層 二層 三層 陽台
RPOPMLMKLHHGFDQ68DA,,130.42,住家用,鋼筋混凝土造,111年1月18日,三層,一層 二層 三層 陽台
RPQOMLMKLHHGFDQ78DA,,130.42,住家用,鋼筋混凝土造,111年1月18日,三層,一層 二層 三層 陽台
RPXNMLOLLHHGFDQ07DA,,130.42,住家用,鋼筋混凝土造,111年1月18日,三層,一層 二層 三層 陽台
RPVOMLMKLHHGFDQ66DA,,130.42,住家用,鋼筋混凝土造,111年1月18日,三層,一層 二層 三層 陽台
RPOOMLMKLHHGFDQ58DA,,130.42,住家用,鋼筋混凝土造,111年1月18日,三層,一層 二層 三層 陽台
RPROMLOLNHHGFCQ66DA,,181.34,住宅、樓梯間,鋼筋混凝土造,111年3月9日,三層,一層 二層 三層 見其他登記事項 見其他登記事項
RPWNMLMKNHHGFDQ86DA,,196.53,住家用,鋼筋混凝土造,110年12月3日,二層,一層 二層 陽台
RPXOMLRJMHHGFDQ37DA,,172.34,住家用,鋼筋混凝土造,110年12月15日,三層,一層 二層 三層 陽台 見其他登記事項
RPQOMLRJMHHGFDQ66DA,,170.44,住家用,鋼筋混凝土造,110年12月15日,三層,一層 二層 三層 陽台 見其他登記事項
RPTOMLOLNHHGFCQ86DA,,182.97,住宅、樓梯間,鋼筋混凝土造,111年3月9日,三層,一層 二層 三層 見其他登記事項 見其他登記事項
RPWNMLSLLHHGFCQ27DA,,153.96,住家用,鋼筋混凝土造,111年1月14日,三層,一層 二層 三層 見其他登記事項
RPROMLMKNHHGFCQ98DA,,196.63,住宅、梯間,鋼筋混凝土造,111年1月27日,三層,一層 二層 三層 見其他登記事項 見其他登記事項
RPTNMLOLNHHGFCQ76DA,,189.23,住宅、樓梯間,鋼筋混凝土造,111年3月9日,三層,一層 二層 三層 見其他登記事項 見其他登記事項
RPORMLLKNHHGFDQ98DA,,160.89,住家用,鋼筋混凝土造,111年2月14日,三層,一層 二層 三層 陽台
RPWOMLMKLHHGFDQ76DA,,130.42,住家用,鋼筋混凝土造,111年1月18日,三層,一層 二層 三層 陽台
RPRRMLLKNHHGFDQ66DA,,178.10,住家用,鋼筋混凝土造,111年2月14日,三層,一層 二層 三層 陽台 見其他登記事項
RPVNMLSLLHHGFCQ17DA,,152.53,住家用,鋼筋混凝土造,111年1月14日,三層,一層 二層 三層 見其他登記事項
RPUNMLOLLHHGFDQ76DA,,160.77,住家用,鋼筋混凝土造,110年12月3日,二層,一層 二層 陽台
RPPSMLLKNHHGFDQ56DA,,147.10,住家用,鋼筋混凝土造,111年2月14日,三層,一層 二層 三層 陽台
RPWNMLMKLHHGFDQ66DA,,130.42,住家用,鋼筋混凝土造,111年1月18日,三層,一層 二層 三層 陽台
RPQNMLMKLHHGFDQ68DA,,131.69,住家用,鋼筋混凝土造,111年1月18日,三層,一層 二層 三層 陽台
RPXOMLSLLHHGFCQ47DA,,172.51,住家用,鋼筋混凝土造,111年1月14日,三層,一層 二層 三層 見其他登記事項
RPSNMLMKLHHGFDQ88DA,,134.85,住家用,鋼筋混凝土造,111年1月18日,三層,一層 二層 三層 陽台
RPVNMLMKLHHGFDQ56DA,,130.42,住家用,鋼筋混凝土造,111年1月18日,三層,一層 二層 三層 陽台
RPQNMLLJOHHGFCQ68DA,,172.95,住宅、樓梯間,鋼筋混凝土造,111年3月9日,三層,一層 二層 三層 見其他登記事項 見其他登記事項
RPTPMLLKNHHGFDQ66DA,,158.86,住家用,鋼筋混凝土造,111年2月14日,三層,一層 二層 三層 陽台
RPOPMLRJMHHGFDQ56DA,,172.34,住家用,鋼筋混凝土造,110年12月15日,三層,一層 二層 三層 陽台 見其他登記事項
RPXRMLLKNHHGFDQ27DA,,147.10,住家用,鋼筋混凝土造,111年2月14日,三層,一層 二層 三層 陽台
RPSOMLMKLHHGFDQ98DA,,171.55,住家用,鋼筋混凝土造,111年1月18日,三層,一層 二層 三層 陽台
RPTOMLMKLHHGFDQ09DA,,171.55,住家用,鋼筋混凝土造,111年1月18日,三層,一層 二層 三層 陽台
RPUNMLMKLHHGFDQ09DA,,130.42,住家用,鋼筋混凝土造,111年1月18日,三層,一層 二層 三層 陽台
RPPNMLMKLHHGFDQ58DA,,134.12,住家用,鋼筋混凝土造,111年1月18日,三層,一層 二層 三層 陽台
RPUNMLSKNHHGFDQ27DA,,171.93,住家用,鋼筋混凝土造,110年11月29日,三層,一層 二層 三層 陽台 見其他登記事項
RPRNMLMKLHHGFDQ78DA,,133.59,住家用,鋼筋混凝土造,111年1月18日,三層,一層 二層 三層 陽台
RPVNMLLJMHHGFDQ09DA,,169.99,住家用,鋼筋混凝土造,110年11月29日,三層,一層 二層 三層 陽台 見其他登記事項
RPTNMLMKLHHGFDQ98DA,,130.42,住家用,鋼筋混凝土造,111年1月18日,三層,一層 二層 三層 陽台
RPWOMLRJMHHGFDQ27DA,,172.34,住家用,鋼筋混凝土造,110年12月15日,三層,一層 二層 三層 陽台 見其他登記事項
RPPOMLLJMHHGFDQ58DA,,169.99,住家用,鋼筋混凝土造,110年11月29日,三層,一層 二層 三層 陽台 見其他登記事項
RPOOMLOLLHHGFDQ88DA,,132.32,住家用,鋼筋混凝土造,111年1月18日,三層,一層 二層 三層 陽台
RPVRMLLKNHHGFDQ07DA,,147.10,住家用,鋼筋混凝土造,111年2月14日,三層,一層 二層 三層 陽台
RPURMLLKNHHGFDQ96DA,,159.05,住家用,鋼筋混凝土造,111年2月14日,三層,一層 二層 三層 陽台
RPOPMLOLNHHGFCQ09DA,,189.30,住宅、樓梯間,鋼筋混凝土造,111年3月9日,三層,一層 二層 三層 見其他登記事項 見其他登記事項
RPUOMLOLNHHGFCQ96DA,,179.70,住宅、樓梯間,鋼筋混凝土造,111年3月9日,三層,一層 二層 三層 見其他登記事項 見其他登記事項
RPPOMLOLNHHGFCQ09DA,,191.79,住宅、樓梯間,鋼筋混凝土造,111年3月9日,三層,一層 二層 三層 見其他登記事項 見其他登記事項
RPQNMLTJLHHGFDQ66DA,,196.53,住家用,鋼筋混凝土造,110年12月3日,二層,一層 二層 陽台
RPQOMLLKMHHGFCQ68DA,,79.89,集合住宅,鋼筋混凝土造,110年12月6日,五層,三層 見其他登記事項
RPQOMLLKMHHGFCQ68DA,,36.29,共有部分，本共有部分之項目有停車空間、梯廳、一般昇降梯、安全梯、樓梯間等５項,鋼筋混凝土造,110年12月6日,五層,
RPTOMLRJMHHGFDQ96DA,,170.30,住家用,鋼筋混凝土造,110年12月15日,三層,一層 二層 三層 陽台 見其他登記事項
RPPNMLKKLHHGFCQ28DA,,79.89,集合住宅,鋼筋混凝土造,110年12月6日,五層,三層 見其他登記事項
RPPNMLKKLHHGFCQ28DA,,36.29,共有部分，本共有部分之項目有停車空間、梯廳、一般昇降梯、安全梯、樓梯間等５項,鋼筋混凝土造,110年12月6日,五層,
RPROMLLKMHHGFCQ78DA,,79.89,集合住宅,鋼筋混凝土造,110年12月6日,五層,四層 見其他登記事項
RPROMLLKMHHGFCQ78DA,,36.29,共有部分，本共有部分之項目有停車空間、梯廳、一般昇降梯、安全梯、樓梯間等５項,鋼筋混凝土造,110年12月6日,五層,
RPOOMLLKMHHGFCQ48DA,,79.89,集合住宅,鋼筋混凝土造,110年12月6日,五層,二層 見其他登記事項
RPOOMLLKMHHGFCQ48DA,,36.29,共有部分，本共有部分之項目有停車空間、梯廳、一般昇降梯、安全梯、樓梯間等５項,鋼筋混凝土造,110年12月6日,五層,
RPUNMLSLLHHGFCQ07DA,,171.45,住家用,鋼筋混凝土造,111年1月14日,三層,一層 二層 三層 見其他登記事項
RPWNMLLKMHHGFCQ56DA,,79.89,集合住宅,鋼筋混凝土造,110年12月6日,五層,五層 見其他登記事項
RPWNMLLKMHHGFCQ56DA,,36.29,共有部分，本共有部分之項目有停車空間、梯廳、一般昇降梯、安全梯、樓梯間等５項,鋼筋混凝土造,110年12月6日,五層,
RPSSMLLKNHHGFDQ86DA,,158.86,住家用,鋼筋混凝土造,111年2月14日,三層,一層 二層 三層 陽台
RPSQMLLKNHHGFDQ66DA,,153.14,住家用,鋼筋混凝土造,111年2月14日,三層,一層 二層 三層 陽台
RPQRMLLKNHHGFDQ56DA,,173.66,住家用,鋼筋混凝土造,111年2月14日,三層,一層 二層 三層 陽台 見其他登記事項
RPSOMLLKMHHGFCQ88DA,,145.50,集合住宅,鋼筋混凝土造,110年12月6日,五層,五層 見其他登記事項
RPSOMLLKMHHGFCQ88DA,,36.29,共有部分，本共有部分之項目有停車空間、梯廳、一般昇降梯、安全梯、樓梯間等５項,鋼筋混凝土造,110年12月6日,五層,
RPRSMLLKNHHGFDQ76DA,,151.37,住家用,鋼筋混凝土造,111年2月14日,三層,一層 二層 三層 陽台
RPXNMLOKLHHGFDQ96DA,,187.35,住商用,鋼筋混凝土造,111年1月6日,四層,一層 二層 三層 四層 陽台
RPUOMLSLLHHGFCQ17DA,,169.96,住家用,鋼筋混凝土造,111年1月14日,三層,一層 二層 三層 見其他登記事項
RPOQMLLKKHHGFCQ48DA,,76.96,集合住宅,鋼筋混凝土造,110年11月18日,五層,三層 見其他登記事項
RPOQMLLKKHHGFCQ48DA,,18.44,共有部分（甲棟）本共有部分之項目有甲梯、乙梯、一般昇降梯、梯廳、水錶室、機械室、水箱等７項,鋼筋混凝土造,110年11月18日,五層,
RPQSMLLKNHHGFDQ66DA,,147.10,住家用,鋼筋混凝土造,111年2月14日,三層,一層 二層 三層 陽台
RPOQMLLKKHHGFCQ48DA,,13.78,共有部分（大公）本共有部分之項目有外廊、管委會空間、梯廳、停車空間等４項,鋼筋混凝土造,110年11月18日,五層,
RPSOMLRKLHHGFCQ76DA,,172.76,住家用,鋼筋混凝土造,110年12月2日,三層,一層 二層 三層 見其他登記事項
RPRQMLLKNHHGFDQ56DA,,164.85,住家用,鋼筋混凝土造,111年2月14日,三層,一層 二層 三層 陽台 見其他登記事項
RPPPMLSLLHHGFCQ76DA,,153.62,住家用,鋼筋混凝土造,111年1月14日,三層,一層 二層 三層 見其他登記事項
RPQPMLSLLHHGFCQ86DA,,164.75,住家用,鋼筋混凝土造,111年1月14日,三層,一層 二層 三層 見其他登記事項
RPPPMLRJMHHGFDQ66DA,,172.34,住家用,鋼筋混凝土造,110年12月15日,三層,一層 二層 三層 陽台 見其他登記事項
RPVOMLSLLHHGFCQ27DA,,170.74,住家用,鋼筋混凝土造,111年1月14日,三層,一層 二層 三層 見其他登記事項
RPUNMLTKMHHGFDQ27DA,,172.34,住家用,鋼筋混凝土造,110年12月15日,三層,一層 二層 三層 陽台 見其他登記事項
RPROMLSLLHHGFCQ86DA,,182.03,住家用,鋼筋混凝土造,111年1月14日,三層,一層 二層 三層 見其他登記事項
RPSNMLNLKHHGFCQ88DA,,44.28,集合住宅,鋼筋混凝土造,110年11月18日,五層,二層 見其他登記事項
RPQOMLSLLHHGFCQ76DA,,170.02,住家用,鋼筋混凝土造,111年1月14日,三層,一層 二層 三層 見其他登記事項
RPSNMLNLKHHGFCQ88DA,,16.91,共有部分（乙棟）本共有部分之項目有丙梯、丁梯、一般昇降梯、梯廳、水錶室、機械室、水箱等７項,鋼筋混凝土造,110年11月18日,五層,
RPSNMLNLKHHGFCQ88DA,,9.32,共有部分（大公）本共有部分之項目有外廊、管委會空間、梯廳、停車空間等４項,鋼筋混凝土造,110年11月18日,五層,
RPSNMLOKLHHGFDQ09DA,,187.99,住商用,鋼筋混凝土造,111年1月6日,四層,一層 二層 三層 四層 陽台
RPVNMLOKLHHGFDQ76DA,,187.81,住商用,鋼筋混凝土造,111年1月6日,四層,一層 二層 三層 四層 陽台
RPUNMLOKLHHGFDQ66DA,,189.96,住商用,鋼筋混凝土造,111年1月6日,四層,一層 二層 三層 四層 陽台
RPXPMLLKNHHGFDQ07DA,,160.89,住家用,鋼筋混凝土造,111年2月14日,三層,一層 二層 三層 陽台
RPWNMLOKLHHGFDQ86DA,,188.39,住商用,鋼筋混凝土造,111年1月6日,四層,一層 二層 三層 四層 陽台
RPOOMLOKLHHGFDQ78DA,,179.67,住商用,鋼筋混凝土造,111年1月6日,四層,一層 二層 三層 四層 陽台
RPSOMLLJMHHGFDQ88DA,,177.56,住家用,鋼筋混凝土造,110年11月29日,三層,一層 二層 三層 陽台 見其他登記事項
RPQPMLRJMHHGFDQ76DA,,172.34,住家用,鋼筋混凝土造,110年12月15日,三層,一層 二層 三層 陽台 見其他登記事項
RPTRMLLKNHHGFDQ86DA,,162.19,住家用,鋼筋混凝土造,111年2月14日,三層,一層 二層 三層 陽台
RPOOMLSLLHHGFCQ56DA,,172.52,住家用,鋼筋混凝土造,111年1月14日,三層,一層 二層 三層 見其他登記事項
RPTOMLLJMHHGFDQ98DA,,168.97,住家用,鋼筋混凝土造,110年11月29日,三層,一層 二層 三層 陽台 見其他登記事項
RPROMLRJMHHGFDQ76DA,,170.34,住家用,鋼筋混凝土造,110年12月15日,三層,一層 二層 三層 陽台 見其他登記事項
RPTOMLSLLHHGFCQ07DA,,172.51,住家用,鋼筋混凝土造,111年1月14日,三層,一層 二層 三層 見其他登記事項
RPRPMLRJMHHGFDQ86DA,,177.62,住家用,鋼筋混凝土造,110年12月15日,三層,一層 二層 三層 陽台 見其他登記事項
RPXNMLLJMHHGFDQ66DA,,177.56,住家用,鋼筋混凝土造,110年11月29日,三層,一層 二層 三層 陽台 見其他登記事項
RPTPMLRJMHHGFDQ07DA,,170.13,住家用,鋼筋混凝土造,110年12月15日,三層,一層 二層 三層 陽台 見其他登記事項
RPPRMLLKNHHGFDQ09DA,,152.79,住家用,鋼筋混凝土造,111年2月14日,三層,一層 二層 三層 陽台
RPSRMLLKNHHGFDQ76DA,,157.26,住家用,鋼筋混凝土造,111年2月14日,三層,一層 二層 三層 陽台
RPXQMLLKNHHGFDQ17DA,,179.41,住家用,鋼筋混凝土造,111年2月14日,三層,一層 二層 三層 陽台 見其他登記事項
RPSPMLRJMHHGFDQ96DA,,171.37,住家用,鋼筋混凝土造,110年12月15日,三層,一層 二層 三層 陽台 見其他登記事項
RPRNMLNLLHHGFCQ88DA,,156.41,住家用,鋼筋混凝土造,110年12月2日,三層,一層 二層 三層 見其他登記事項
RPPNMLLKMHHGFCQ48DA,,187.51,住家用,鋼筋混凝土造,110年12月2日,四層,一層 二層 三層 四層 見其他登記事項
RPTOMLQLMHHGFDQ07DA,,178.68,住家用,鋼筋混凝土造,110年12月3日,二層,一層 二層 陽台
RPSNMLMLMHHGFCQ98DA,,183.33,住家用,鋼筋混凝土造,110年12月2日,四層,一層 二層 三層 四層 見其他登記事項
RPROMLPKKHHGFCQ98DA,,44.28,集合住宅,鋼筋混凝土造,110年11月18日,五層,五層 見其他登記事項
RPROMLPKKHHGFCQ98DA,,13.95,共有部分（乙棟）本共有部分之項目有丙梯、丁梯、一般昇降梯、梯廳、水錶室、機械室、水箱等７項,鋼筋混凝土造,110年11月18日,五層,
RPROMLPKKHHGFCQ98DA,,19.16,共有部分（大公）本共有部分之項目有外廊、管委會空間、梯廳、停車空間等４項,鋼筋混凝土造,110年11月18日,五層,
RPUNMLLKMHHGFCQ98DA,,150.98,住家用,鋼筋混凝土造,110年12月2日,三層,一層 二層 三層 見其他登記事項
RPRNMLMLMHHGFCQ88DA,,196.89,住家用,鋼筋混凝土造,110年12月2日,四層,一層 二層 三層 四層 見其他登記事項
RPTNMLOLLHHGFCQ56DA,,182.31,住家用,鋼筋混凝土造,110年12月2日,四層,一層 二層 三層 四層 見其他登記事項
RPPNMLOLMHHGFCQ88DA,,187.52,住家用,鋼筋混凝土造,110年12月2日,四層,一層 二層 三層 四層 見其他登記事項
RPWPMLLKKHHGFCQ56DA,,78.37,集合住宅,鋼筋混凝土造,110年11月18日,五層,二層 見其他登記事項
RPWPMLLKKHHGFCQ56DA,,16.91,共有部分（乙棟）本共有部分之項目有丙梯、丁梯、一般昇降梯、梯廳、水錶室、機械室、水箱等７項,鋼筋混凝土造,110年11月18日,五層,
RPWPMLLKKHHGFCQ56DA,,15.86,共有部分（大公）本共有部分之項目有外廊、管委會空間、梯廳、停車空間等４項,鋼筋混凝土造,110年11月18日,五層,
RPQPMLPKKHHGFCQ98DA,,123.65,辦公室,鋼筋混凝土造,110年11月18日,五層,五層 見其他登記事項 見其他登記事項
RPQPMLPKKHHGFCQ98DA,,10.06,共有部分（乙棟）本共有部分之項目有丙梯、丁梯、一般昇降梯、梯廳、水錶室、機械室、水箱等７項,鋼筋混凝土造,110年11月18日,五層,
RPQPMLPKKHHGFCQ98DA,,27.20,共有部分（大公）本共有部分之項目有外廊、管委會空間、梯廳、停車空間等４項,鋼筋混凝土造,110年11月18日,五層,
RPSQMLLKKHHGFCQ88DA,,79.20,集合住宅,鋼筋混凝土造,110年11月18日,五層,三層 見其他登記事項
RPSQMLLKKHHGFCQ88DA,,16.93,共有部分（乙棟）本共有部分之項目有丙梯、丁梯、一般昇降梯、梯廳、水錶室、機械室、水箱等７項,鋼筋混凝土造,110年11月18日,五層,
RPXOMLPKKHHGFCQ96DA,,71.20,集合住宅,鋼筋混凝土造,110年11月18日,五層,五層 見其他登記事項 見其他登記事項
RPSQMLLKKHHGFCQ88DA,,15.98,共有部分（大公）本共有部分之項目有外廊、管委會空間、梯廳、停車空間等４項,鋼筋混凝土造,110年11月18日,五層,
RPXOMLPKKHHGFCQ96DA,,13.95,共有部分（乙棟）本共有部分之項目有丙梯、丁梯、一般昇降梯、梯廳、水錶室、機械室、水箱等７項,鋼筋混凝土造,110年11月18日,五層,
RPXOMLPKKHHGFCQ96DA,,17.12,共有部分（大公）本共有部分之項目有外廊、管委會空間、梯廳、停車空間等４項,鋼筋混凝土造,110年11月18日,五層,
RPOPMLPKKHHGFCQ78DA,,75.36,集合住宅,鋼筋混凝土造,110年11月18日,五層,五層 見其他登記事項 見其他登記事項
RPOPMLPKKHHGFCQ78DA,,13.95,共有部分（乙棟）本共有部分之項目有丙梯、丁梯、一般昇降梯、梯廳、水錶室、機械室、水箱等７項,鋼筋混凝土造,110年11月18日,五層,
RPOPMLPKKHHGFCQ78DA,,18.33,共有部分（大公）本共有部分之項目有外廊、管委會空間、梯廳、停車空間等４項,鋼筋混凝土造,110年11月18日,五層,
RPVPMLLKKHHGFCQ09DA,,73.02,集合住宅,鋼筋混凝土造,110年11月18日,五層,二層 見其他登記事項
RPVPMLLKKHHGFCQ09DA,,16.93,共有部分（乙棟）本共有部分之項目有丙梯、丁梯、一般昇降梯、梯廳、水錶室、機械室、水箱等７項,鋼筋混凝土造,110年11月18日,五層,
RPVPMLLKKHHGFCQ09DA,,14.32,共有部分（大公）本共有部分之項目有外廊、管委會空間、梯廳、停車空間等４項,鋼筋混凝土造,110年11月18日,五層,
